Date,Close,Change,%Change
10/23/09,55.89,0,0
10/26/09,55.48,-0.41,-0.733583825
10/27/09,55.3,-0.18,-0.32444124
10/28/09,54.26,-1.04,-1.880650995
10/29/09,55.28,1.02,1.879837818
10/30/09,53.84,-1.44,-2.604920405
11/2/09,54.21,0.37,0.687221397
11/3/09,54.35,0.14,0.258254935
11/4/09,54.53,0.18,0.331186753
11/5/09,55.57,1.04,1.907207042
11/6/09,55.72,0.15,0.269929818
11/9/09,56.82,1.1,1.974156497
11/10/09,56.84,0.02,0.035198874
11/11/09,57.13,0.29,0.510204082
11/12/09,56.61,-0.52,-0.910204796
11/13/09,56.97,0.36,0.635930048
11/16/09,57.78,0.81,1.421800948
11/17/09,57.8581,0.0781,0.135167878
11/18/09,57.71,-0.1481,-0.255971074
11/19/09,57.03,-0.68,-1.17830532
11/20/09,56.76,-0.27,-0.473435034
11/23/09,57.52,0.76,1.338971106
11/24/09,57.6,0.08,0.139082058
11/25/09,57.84,0.24,0.416666667
11/27/09,56.9,-0.94,-1.625172891
11/30/09,56.99,0.09,0.158172232
12/1/09,57.71,0.72,1.26337954
12/2/09,57.65,-0.06,-0.103968116
12/3/09,57.12,-0.53,-0.91934085
12/4/09,57.36,0.24,0.420168067
12/7/09,57.21,-0.15,-0.261506276
12/8/09,56.64,-0.57,-0.996329313
12/9/09,56.86,0.22,0.388418079
12/10/09,57.26,0.4,0.703482237
12/11/09,57.41,0.15,0.261962976
12/14/09,57.67,0.26,0.452882773
12/15/09,57.46,-0.21,-0.364140801
12/16/09,57.56,0.1,0.174034111
12/17/09,56.91,-0.65,-1.129256428
12/18/09,57.44,0.53,0.931295027
12/21/09,57.83,0.39,0.678969359
12/22/09,58.14,0.31,0.536053951
12/23/09,58.47,0.33,0.567595459
12/24/09,58.52,0.05,0.085513939
12/28/09,58.71,0.19,0.324675325
12/29/09,58.6,-0.11,-0.187361608
12/30/09,58.54,-0.06,-0.102389078
12/31/09,57.99,-0.55,-0.939528528
1/4/10,58.85,0.86,1.483014313
1/5/10,58.89,0.04,0.067969414
1/6/10,58.89,0,0
1/7/10,58.85,-0.04,-0.067923247
1/8/10,59.12,0.27,0.458793543
1/11/10,59.17,0.05,0.084573748
1/12/10,58.58,-0.59,-0.997126922
1/13/10,59.12,0.54,0.92181632
1/14/10,59.31,0.19,0.321380244
1/15/10,58.63,-0.68,-1.146518294
1/19/10,59.41,0.78,1.33037694
1/20/10,58.64,-0.77,-1.296078101
1/21/10,57.59,-1.05,-1.79058663
1/22/10,56.25,-1.34,-2.326792846
1/25/10,56.51,0.26,0.462222222
1/26/10,56.35,-0.16,-0.283135728
1/27/10,56.58,0.23,0.408163265
1/28/10,55.68,-0.9,-1.590668081
1/29/10,54.94,-0.74,-1.329022989
2/1/10,55.81,0.87,1.583545686
2/2/10,56.46,0.65,1.16466583
2/3/10,56.33,-0.13,-0.230251505
2/4/10,54.59,-1.74,-3.088940174
2/5/10,54.79,0.2,0.366367467
2/8/10,54.46,-0.33,-0.60229969
2/9/10,55.26,0.8,1.46896805
2/10/10,55.05,-0.21,-0.380021716
2/11/10,55.74,0.69,1.253405995
2/12/10,55.69,-0.05,-0.089702189
2/16/10,56.56,0.87,1.562219429
2/17/10,56.8301,0.2701,0.477545969
2/18/10,57.25,0.4199,0.738869015
2/19/10,57.32,0.07,0.122270742
2/22/10,57.13,-0.19,-0.331472435
2/23/10,56.46,-0.67,-1.172763872
2/24/10,56.88,0.42,0.743889479
2/25/10,56.81,-0.07,-0.123066104
2/26/10,56.84,0.03,0.052807604
3/1/10,57.57,0.73,1.284306826
3/2/10,57.73,0.16,0.277922529
3/3/10,57.75,0.02,0.034644033
3/4/10,57.96,0.21,0.363636364
3/5/10,58.79,0.83,1.432022084
3/8/10,58.7,-0.09,-0.15308726
3/9/10,58.82,0.12,0.204429302
3/10/10,59.13,0.31,0.527031622
3/11/10,59.31,0.18,0.304414003
3/12/10,59.37,0.06,0.101163379
3/15/10,59.32,-0.05,-0.084217618
3/16/10,59.71,0.39,0.657451113
3/17/10,60.01,0.3,0.502428404
3/18/10,59.99,-0.02,-0.033327779
3/19/10,59.65,-0.34,-0.566761127
3/22/10,60,0.35,0.586756077
3/23/10,60.35,0.35,0.583333333
3/24/10,59.93,-0.42,-0.695940348
3/25/10,59.69,-0.24,-0.400467212
3/26/10,59.65,-0.04,-0.0670129
3/29/10,60.01,0.36,0.603520536
3/30/10,60.14,0.13,0.216630562
3/31/10,59.92,-0.22,-0.365813103
4/1/10,60.28,0.36,0.600801068
4/5/10,60.79,0.51,0.846051758
4/6/10,60.88,0.09,0.148050666
4/7/10,60.49,-0.39,-0.640604468
4/8/10,60.7,0.21,0.347164821
4/9/10,61.07,0.37,0.609555189
4/12/10,61.13,0.06,0.098247912
4/13/10,61.2,0.07,0.114510061
4/14/10,61.76,0.56,0.91503268
4/15/10,61.91,0.15,0.242875648
4/16/10,61.06,-0.85,-1.372960749
4/19/10,61.23,0.17,0.278414674
4/20/10,61.669,0.439,0.716968806
4/21/10,61.69,0.021,0.034052766
4/22/10,61.86,0.17,0.275571405
4/23/10,62.23,0.37,0.598124798
4/26/10,62.2,-0.03,-0.04820826
4/27/10,60.785,-1.415,-2.274919614
4/28/10,61.13,0.345,0.567574237
4/29/10,61.69,0.56,0.916080484
4/30/10,60.73,-0.96,-1.556167936
5/3/10,61.39,0.66,1.08677754
5/4/10,59.91,-1.48,-2.410816094
5/5/10,59.52,-0.39,-0.650976465
5/6/10,57.67,-1.85,-3.108198925
5/7/10,56.57,-1.1,-1.907404196
5/10/10,59.17,2.6,4.596075658
5/11/10,58.91,-0.26,-0.439411864
5/12/10,59.89,0.98,1.663554575
5/13/10,59.18,-0.71,-1.185506762
5/14/10,58.11,-1.07,-1.808043258
5/17/10,58.11,0,0
5/18/10,57.43,-0.68,-1.170194459
5/19/10,57.03,-0.4,-0.696500087
5/20/10,54.92,-2.11,-3.699807119
5/21/10,55.56,0.64,1.165331391
5/24/10,55.0201,-0.5399,-0.971742261
5/25/10,55.1,0.0799,0.145219656
5/26/10,54.62,-0.48,-0.871143376
5/27/10,56.47,1.85,3.387037715
5/28/10,55.86,-0.61,-1.080219586
6/1/10,54.91,-0.95,-1.700680272
6/2/10,56.34,1.43,2.604261519
6/3/10,56.68,0.34,0.603478878
6/4/10,54.758,-1.922,-3.390966831
6/7/10,54.11,-0.648,-1.183388729
6/8/10,54.57,0.46,0.850120126
6/9/10,54.26,-0.31,-0.568077698
6/10/10,55.86,1.6,2.948765205
6/11/10,56.24,0.38,0.680272109
6/14/10,56.18,-0.06,-0.106685633
6/15/10,57.51,1.33,2.36739053
6/16/10,57.57,0.06,0.104329682
6/17/10,57.63,0.06,0.104220948
6/18/10,57.68,0.05,0.086760368
6/21/10,57.44,-0.24,-0.416088766
6/22/10,56.61,-0.83,-1.444986072
6/23/10,56.2,-0.41,-0.724253665
6/24/10,55.32,-0.88,-1.565836299
6/25/10,55.45,0.13,0.234996385
6/28/10,55.27,-0.18,-0.324616772
6/29/10,53.48,-1.79,-3.238646644
6/30/10,52.94,-0.54,-1.009723261
7/1/10,52.83,-0.11,-0.207782395
7/2/10,52.61,-0.22,-0.416430059
7/6/10,52.905,0.295,0.560729899
7/7/10,54.62,1.715,3.241659578
7/8/10,55.12,0.5,0.915415599
7/9/10,55.45,0.33,0.598693759
7/12/10,55.49,0.04,0.07213706
7/13/10,56.23,0.74,1.333573617
7/14/10,56.36,0.13,0.231193313
7/15/10,56.39,0.03,0.053229241
7/16/10,54.9,-1.49,-2.642312467
7/19/10,55.28,0.38,0.692167577
7/20/10,55.95,0.67,1.212011577
7/21/10,55.25,-0.7,-1.251117069
7/22/10,56.45,1.2,2.171945701
7/23/10,56.94,0.49,0.868024801
7/26/10,57.41,0.47,0.825430277
7/27/10,57.23,-0.18,-0.313534227
7/28/10,56.89,-0.34,-0.594094007
7/29/10,56.61,-0.28,-0.492177887
7/30/10,56.61,0,0
8/2/10,57.86,1.25,2.208090443
8/3/10,57.58,-0.28,-0.48392672
8/4/10,58.09,0.51,0.88572421
8/5/10,58.03,-0.06,-0.103288001
8/6/10,57.81,-0.22,-0.379114251
8/9/10,58.17,0.36,0.622729632
8/10/10,57.8,-0.37,-0.636066701
8/11/10,56.3,-1.5,-2.595155709
8/12/10,55.85,-0.45,-0.79928952
8/13/10,55.59,-0.26,-0.465532677
8/16/10,55.69,0.1,0.179888469
8/17/10,56.44,0.75,1.346740887
8/18/10,56.51,0.07,0.124025514
8/19/10,55.65,-0.86,-1.521854539
8/20/10,55.48,-0.17,-0.305480683
8/23/10,55.22,-0.26,-0.468637347
8/24/10,54.315,-0.905,-1.63889895
8/25/10,54.52,0.205,0.377427966
8/26/10,54.09,-0.43,-0.788701394
8/27/10,54.94,0.85,1.571454982
8/30/10,54.23,-0.71,-1.292318893
8/31/10,54.15,-0.08,-0.147519823
9/1/10,55.67,1.52,2.807017544
9/2/10,56.17,0.5,0.898149811
9/3/10,56.94,0.77,1.370838526
9/7/10,56.47,-0.47,-0.825430277
9/8/10,56.85,0.38,0.672923676
9/9/10,56.98,0.13,0.228671944
9/10/10,57.32,0.34,0.596700597
9/13/10,57.97,0.65,1.133984648
9/14/10,58.01,0.04,0.069001208
9/15/10,58.3,0.29,0.499913808
9/16/10,58.37,0.07,0.120068611
9/17/10,58.49,0.12,0.205585061
9/20/10,59.38,0.89,1.521627629
9/21/10,59.26,-0.12,-0.202088245
9/22/10,59.09,-0.17,-0.286871414
9/23/10,58.76,-0.33,-0.55847013
9/24/10,59.67,0.91,1.548672566
9/27/10,59.47,-0.2,-0.335176806
9/28/10,59.67,0.2,0.336304019
9/29/10,59.58,-0.09,-0.150829563
9/30/10,59.37,-0.21,-0.352467271
10/1/10,59.56,0.19,0.32002695
10/4/10,59.02,-0.54,-0.906648758
10/5/10,60.2,1.18,1.999322264
10/6/10,60.17,-0.03,-0.049833887
10/7/10,60.03,-0.14,-0.23267409
10/8/10,60.4799,0.4499,0.749458604
10/11/10,60.52,0.0401,0.06630302
10/12/10,60.71,0.19,0.313945803
10/13/10,61.37,0.66,1.087135563
10/14/10,61.31,-0.06,-0.097767639
10/15/10,61.87,0.56,0.913390964
10/18/10,62.18,0.31,0.50105059
10/19/10,61.11,-1.07,-1.72081055
10/20/10,61.71,0.6,0.981836033
10/21/10,61.87,0.16,0.259277265
10/22/10,62.11,0.24,0.387910134
10/25/10,62.35,0.24,0.386411206
10/26/10,62.36,0.01,0.016038492
10/27/10,62.25,-0.11,-0.176395125
10/28/10,62.28,0.03,0.048192771
10/29/10,62.35,0.07,0.112395633
11/1/10,62.49,0.14,0.224538893
11/2/10,63.11,0.62,0.992158745
11/3/10,63.26,0.15,0.237680241
11/4/10,64.38,1.12,1.770471072
11/5/10,64.48,0.1,0.155327742
11/8/10,64.42,-0.06,-0.093052109
11/9/10,64.08,-0.34,-0.527786402
11/10/10,64.34,0.26,0.405742821
11/11/10,64.04,-0.3,-0.466272925
11/12/10,63.17,-0.87,-1.358525921
11/15/10,62.97,-0.2,-0.316605984
11/16/10,61.96,-1.01,-1.603938383
11/17/10,62.06,0.1,0.161394448
11/18/10,63.1,1.04,1.675797615
11/19/10,63.33,0.23,0.364500792
11/22/10,63.48,0.15,0.236854571
11/23/10,62.55,-0.93,-1.465028355
11/24/10,63.61,1.06,1.694644285
11/26/10,63.16,-0.45,-0.707435938
11/29/10,63.06,-0.1,-0.158328056
11/30/10,62.54,-0.52,-0.824611481
12/1/10,63.94,1.4,2.238567317
12/2/10,64.68,0.74,1.157335002
12/3/10,64.85,0.17,0.262832406
12/6/10,64.79,-0.06,-0.092521203
12/7/10,64.68,-0.11,-0.169779287
12/8/10,64.84,0.16,0.247371676
12/9/10,64.95,0.11,0.169648365
12/10/10,65.27,0.32,0.492686682
12/13/10,65.31,0.04,0.061283898
12/14/10,65.36,0.05,0.076557954
12/15/10,65.13,-0.23,-0.351897185
12/16/10,65.47,0.34,0.522032857
12/17/10,65.59,0.12,0.183290057
12/20/10,65.7,0.11,0.167708492
12/21/10,65.97,0.27,0.410958904
12/22/10,66.05,0.08,0.121267243
12/23/10,65.7,-0.35,-0.52990159
12/27/10,65.68,-0.02,-0.0304414
12/28/10,65.68,0,0
12/29/10,65.8,0.12,0.182704019
12/30/10,65.7,-0.1,-0.151975684
12/31/10,65.65,-0.05,-0.076103501
1/3/11,66.18,0.53,0.8073115
1/4/11,65.98,-0.2,-0.302206105
1/5/11,66.35,0.37,0.560775993
1/6/11,66.25,-0.1,-0.150715901
1/7/11,66.13,-0.12,-0.181132075
1/10/11,66.11,-0.02,-0.03024346
1/11/11,66.3,0.19,0.287399788
1/12/11,66.82,0.52,0.784313725
1/13/11,66.74,-0.08,-0.119724633
1/14/11,67.07,0.33,0.494456098
1/18/11,67.35,0.28,0.417474281
1/19/11,66.81,-0.54,-0.801781737
1/20/11,66.57,-0.24,-0.359227661
1/21/11,66.4,-0.17,-0.255370287
1/24/11,66.93,0.53,0.798192771
1/25/11,66.96,0.03,0.044822949
1/26/11,67.31,0.35,0.522700119
1/27/11,67.39,0.08,0.118853068
1/28/11,66.1,-1.29,-1.914230598
1/31/11,66.61,0.51,0.771558245
2/1/11,67.53,0.92,1.381173998
2/2/11,67.45,-0.08,-0.118465867
2/3/11,67.58,0.13,0.19273536
2/4/11,67.9,0.32,0.473512874
2/7/11,68.23,0.33,0.486008837
2/8/11,68.62,0.39,0.571596072
2/9/11,68.52,-0.1,-0.145730108
2/10/11,68.6,0.08,0.116754232
2/11/11,69.01,0.41,0.597667638
2/14/11,69.14,0.13,0.188378496
2/15/11,68.96,-0.18,-0.260341336
2/16/11,69.35,0.39,0.565545244
2/17/11,69.515,0.165,0.237923576
2/18/11,69.54,0.025,0.035963461
2/22/11,68.068,-1.472,-2.116767328
2/23/11,67.57,-0.498,-0.73162132
2/24/11,67.6,0.03,0.044398402
2/25/11,68.42,0.82,1.213017751
2/28/11,68.77,0.35,0.511546331
3/1/11,67.63,-1.14,-1.657699578
3/2/11,67.84,0.21,0.310513086
3/3/11,69.07,1.23,1.813089623
3/4/11,68.66,-0.41,-0.593600695
3/7/11,68.02,-0.64,-0.932129333
3/8/11,68.46,0.44,0.646868568
3/9/11,68.26,-0.2,-0.292141396
3/10/11,67.05,-1.21,-1.772634046
3/11/11,67.54,0.49,0.730797912
3/14/11,67.14,-0.4,-0.592241635
3/15/11,66.41,-0.73,-1.08728031
3/16/11,65.1,-1.31,-1.972594489
3/17/11,65.81,0.71,1.0906298
3/18/11,65.93,0.12,0.182343109
3/21/11,67.04,1.11,1.683603822
3/22/11,66.88,-0.16,-0.238663484
3/23/11,67.2,0.32,0.4784689
3/24/11,67.9326,0.7326,1.090178571
3/25/11,67.93,-0.0026,-0.003827323
3/28/11,67.74,-0.19,-0.279699691
3/29/11,68.28,0.54,0.797165633
3/30/11,68.69,0.41,0.600468658
3/31/11,68.71,0.02,0.02911632
4/1/11,68.9,0.19,0.276524523
4/4/11,68.94,0.04,0.058055152
4/5/11,68.86,-0.08,-0.116042936
4/6/11,68.95,0.09,0.130699971
4/7/11,68.86,-0.09,-0.130529369
4/8/11,68.63,-0.23,-0.334011037
4/11/11,68.46,-0.17,-0.247705085
4/12/11,67.97,-0.49,-0.715746421
4/13/11,68.13,0.16,0.23539797
4/14/11,68.21,0.08,0.117422574
4/15/11,68.4,0.19,0.278551532
4/18/11,67.74,-0.66,-0.964912281
4/19/11,68.09,0.35,0.516681429
4/20/11,69.22,1.13,1.659568219
4/21/11,69.71,0.49,0.707887894
4/25/11,69.61,-0.1,-0.143451442
4/26/11,70.21,0.6,0.861945123
4/27/11,70.58,0.37,0.526990457
4/28/11,70.82,0.24,0.340039671
4/29/11,70.97,0.15,0.211804575
5/2/11,70.9422,-0.0278,-0.039171481
5/3/11,70.69,-0.2522,-0.355500675
5/4/11,70.23,-0.46,-0.650728533
5/5/11,69.71,-0.52,-0.74042432
5/6/11,70.01,0.3,0.430354325
5/9/11,70.34,0.33,0.471361234
5/10/11,70.93,0.59,0.838783054
5/11/11,70.26,-0.67,-0.944593261
5/12/11,70.72,0.46,0.654711073
5/13/11,70.17,-0.55,-0.777714932
5/16/11,69.6,-0.57,-0.812312954
5/17/11,69.57,-0.03,-0.043103448
5/18/11,70.19,0.62,0.891188731
5/19/11,70.36,0.17,0.242199744
5/20/11,69.94,-0.42,-0.596930074
5/23/11,69.09,-0.85,-1.215327424
5/24/11,69.05,-0.04,-0.057895499
5/25/11,69.27,0.22,0.318609703
5/26/11,69.65,0.38,0.548578028
5/27/11,69.88,0.23,0.330222541
5/31/11,70.64,0.76,1.087578706
6/1/11,69.16,-1.48,-2.095130238
6/2/11,69.12,-0.04,-0.0578369
6/3/11,68.35,-0.77,-1.11400463
6/6/11,67.76,-0.59,-0.863204097
6/7/11,67.71,-0.05,-0.073789847
6/8/11,67.4,-0.31,-0.457834884
6/9/11,67.82,0.42,0.623145401
6/10/11,66.77,-1.05,-1.548215866
6/13/11,66.76,-0.01,-0.014976786
6/14/11,67.7,0.94,1.40802876
6/15/11,66.58,-1.12,-1.654357459
6/16/11,66.54,-0.04,-0.060078102
6/17/11,66.66,0.12,0.180342651
6/20/11,67.04,0.38,0.570057006
6/21/11,68.04,1,1.491646778
6/22/11,67.64,-0.4,-0.587889477
6/23/11,67.39,-0.25,-0.369603785
6/24/11,66.57,-0.82,-1.216797744
6/27/11,67.26,0.69,1.036502929
6/28/11,68.28,1.02,1.516503122
6/29/11,68.79,0.51,0.746924429
6/30/11,69.48,0.69,1.003052769
7/1/11,70.53,1.05,1.511226252
7/5/11,70.63,0.1,0.141783638
7/6/11,70.91,0.28,0.396432111
7/7/11,71.67,0.76,1.071781131
7/8/11,71.29,-0.38,-0.530207897
7/11/11,70.08,-1.21,-1.697292748
7/12/11,69.67,-0.41,-0.585045662
7/13/11,69.93,0.26,0.373187886
7/14/11,69.37,-0.56,-0.800800801
7/15/11,69.99,0.62,0.893758109
7/18/11,69.53,-0.46,-0.657236748
7/19/11,70.89,1.36,1.95599022
7/20/11,70.6699,-0.2201,-0.310481027
7/21/11,71.4,0.7301,1.033113108
7/22/11,71.67,0.27,0.378151261
7/25/11,71.37,-0.3,-0.418585182
7/26/11,71.13,-0.24,-0.336275746
7/27/11,69.62,-1.51,-2.122873612
7/28/11,69.49,-0.13,-0.186727952
7/29/11,69.1,-0.39,-0.561231832
8/1/11,68.75,-0.35,-0.506512301
8/2/11,67.02,-1.73,-2.516363636
8/3/11,67.52,0.5,0.746045956
8/4/11,64.38,-3.14,-4.650473934
8/5/11,64.31,-0.07,-0.108729419
8/8/11,60.55,-3.76,-5.846680143
8/9/11,63.16,2.61,4.310487201
8/10/11,60.56,-2.6,-4.116529449
8/11/11,62.96,2.4,3.963011889
8/12/11,63.82,0.86,1.365946633
8/15/11,64.87,1.05,1.645252272
8/16/11,64.28,-0.59,-0.90951133
8/17/11,64.25,-0.03,-0.046670815
8/18/11,61.42,-2.83,-4.404669261
8/19/11,60.34,-1.08,-1.758384891
8/22/11,60.53,0.19,0.314882333
8/23/11,62.68,2.15,3.551957707
8/24/11,63.4,0.72,1.148691768
8/25/11,62.4,-1,-1.577287066
8/26/11,63.56,1.16,1.858974359
8/29/11,65.19,1.63,2.564505979
8/30/11,65.57,0.38,0.582911489
8/31/11,65.77,0.2,0.305017539
9/1/11,65.11,-0.66,-1.003497035
9/2/11,63.54,-1.57,-2.411303947
9/6/11,63.34,-0.2,-0.314762354
9/7/11,64.93,1.59,2.510262078
9/8/11,64.38,-0.55,-0.847066071
9/9/11,62.73,-1.65,-2.562907735
9/12/11,63.13,0.4,0.637653435
9/13/11,63.78,0.65,1.029621416
9/14/11,64.69,0.91,1.426779555
9/15/11,65.73,1.04,1.607667337
9/16/11,66.16,0.43,0.654191389
9/19/11,65.78,-0.38,-0.574365175
9/20/11,65.68,-0.1,-0.152021891
9/21/11,63.96,-1.72,-2.618757613
9/22/11,61.99,-1.97,-3.080050031
9/23/11,62.26,0.27,0.435554122
9/26/11,63.25,0.99,1.590106007
9/27/11,64,0.75,1.185770751
9/28/11,62.75,-1.25,-1.953125
9/29/11,62.79,0.04,0.06374502
9/30/11,61.24,-1.55,-2.468545947
10/3/11,59.63,-1.61,-2.629000653
10/4/11,60.8,1.17,1.962099614
10/5/11,62,1.2,1.973684211
10/6/11,63.1,1.1,1.774193548
10/7/11,62.78,-0.32,-0.507131537
10/10/11,64.82,2.04,3.249442498
10/11/11,64.92,0.1,0.154273372
10/12/11,65.43,0.51,0.785582255
10/13/11,65.57,0.14,0.213969127
10/14/11,66.75,1.18,1.799603477
10/17/11,65.49,-1.26,-1.887640449
10/18/11,66.44,0.95,1.450603146
10/19/11,65.45,-0.99,-1.490066225
10/20/11,65.57,0.12,0.183346066
10/21/11,66.71,1.14,1.738599969
10/24/11,67.73,1.02,1.529006146
10/25/11,66.45,-1.28,-1.889856784
10/26/11,66.88,0.43,0.647103085
10/27/11,68.98,2.1,3.139952153
10/28/11,69.17,0.19,0.275442157
10/31/11,67.65,-1.52,-2.197484459
11/1/11,65.97,-1.68,-2.483370288
11/2/11,66.86,0.89,1.349098075
11/3/11,68.15,1.29,1.929404726
11/4/11,67.82,-0.33,-0.484225972
11/7/11,68.16,0.34,0.501327042
11/8/11,69,0.84,1.232394366
11/9/11,66.55,-2.45,-3.550724638
11/10/11,67.04,0.49,0.736288505
11/11/11,68.32,1.28,1.909307876
11/14/11,67.82,-0.5,-0.731850117
11/15/11,68.36,0.54,0.796225302
11/16/11,67.36,-1,-1.462843768
11/17/11,66.14,-1.22,-1.811163895
11/18/11,65.98,-0.16,-0.241911098
11/21/11,64.75,-1.23,-1.864201273
11/22/11,64.69,-0.06,-0.092664093
11/23/11,63.3,-1.39,-2.148709229
11/25/11,63.04,-0.26,-0.410742496
11/28/11,64.98,1.94,3.077411168
11/29/11,65.01,0.03,0.046168052
11/30/11,67.49,2.48,3.814797723
12/1/11,67.58,0.09,0.133353089
12/2/11,67.43,-0.15,-0.22195916
12/5/11,68.02,0.59,0.874981462
12/6/11,68.05,0.03,0.044104675
12/7/11,68.16,0.11,0.161645849
12/8/11,66.91,-1.25,-1.833920188
12/9/11,67.95,1.04,1.554326708
12/12/11,67.13,-0.82,-1.206769684
12/13/11,66.41,-0.72,-1.072545807
12/14/11,65.61,-0.8,-1.204637856
12/15/11,65.71,0.1,0.15241579
12/16/11,65.83,0.12,0.182620606
12/19/11,65.36,-0.47,-0.713960201
12/20/11,67.16,1.8,2.753977968
12/21/11,67.09,-0.07,-0.104228708
12/22/11,67.1,0.01,0.014905351
12/23/11,67.71,0.61,0.909090909
12/27/11,67.84,0.13,0.191995274
12/28/11,67.13,-0.71,-1.046580189
12/29/11,67.67,0.54,0.804409355
12/30/11,67.43,-0.24,-0.354662332
1/3/12,68.2,0.77,1.141924959
1/4/12,68.29,0.09,0.131964809
1/5/12,68.42,0.13,0.190364621
1/6/12,68.3,-0.12,-0.175387314
1/9/12,68.28,-0.02,-0.029282577
1/10/12,68.82,0.54,0.79086116
1/11/12,68.73,-0.09,-0.130775937
1/12/12,68.82,0.09,0.130947185
1/13/12,68.62,-0.2,-0.290613194
1/17/12,68.93,0.31,0.451763334
1/18/12,69.65,0.72,1.044537937
1/19/12,69.99,0.34,0.488155061
1/20/12,69.89,-0.1,-0.142877554
1/23/12,69.92,0.03,0.042924596
1/24/12,69.88,-0.04,-0.057208238
1/25/12,70.66,0.78,1.116199199
1/26/12,70.38,-0.28,-0.396263798
1/27/12,70.33,-0.05,-0.07104291
1/30/12,70.27,-0.06,-0.0853121
1/31/12,70.2,-0.07,-0.099615768
2/1/12,70.68,0.48,0.683760684
2/2/12,70.82,0.14,0.198075835
2/3/12,71.65,0.83,1.171985315
2/6/12,71.64,-0.01,-0.013956734
2/7/12,71.83,0.19,0.265214964
2/8/12,71.93,0.1,0.139217597
2/9/12,72.18,0.25,0.347560128
2/10/12,71.78,-0.4,-0.55417013
2/13/12,72.27,0.49,0.682641404
2/14/12,72.37,0.1,0.138370001
2/15/12,71.95,-0.42,-0.580350974
2/16/12,72.57,0.62,0.861709521
2/17/12,72.61,0.04,0.055119195
2/21/12,72.71,0.1,0.137722077
2/22/12,72.67,-0.04,-0.055013066
2/23/12,72.98,0.31,0.426585936
2/24/12,73.28,0.3,0.411071526
2/27/12,73.28,0,0
2/28/12,73.63,0.35,0.477620087
2/29/12,73.24,-0.39,-0.529675404
3/1/12,73.64,0.4,0.546149645
3/2/12,73.509,-0.131,-0.17789245
3/5/12,73.24,-0.269,-0.365941585
3/6/12,72.29,-0.95,-1.297105407
3/7/12,72.68,0.39,0.539493706
3/8/12,73.35,0.67,0.921849202
3/9/12,73.56,0.21,0.286298569
3/12/12,73.66,0.1,0.135943448
3/13/12,74.7521,1.0921,1.482622862
3/14/12,74.79,0.0379,0.050700917
3/15/12,75.03,0.24,0.320898516
3/16/12,75.14,0.11,0.146608023
3/19/12,75.5,0.36,0.479105669
3/20/12,75.23,-0.27,-0.357615894
3/21/12,75.14,-0.09,-0.119633125
3/22/12,74.75,-0.39,-0.519031142
3/23/12,74.88,0.13,0.173913043
3/26/12,75.63,0.75,1.001602564
3/27/12,75.57,-0.06,-0.079333598
3/28/12,75.21,-0.36,-0.476379516
3/29/12,75.15,-0.06,-0.079776625
3/30/12,75.37,0.22,0.292747838
4/2/12,76.02,0.65,0.8624121
4/3/12,75.89,-0.13,-0.17100763
4/4/12,75.22,-0.67,-0.882856766
4/5/12,75.37,0.15,0.199415049
4/9/12,74.67,-0.7,-0.928751493
4/10/12,73.5195,-1.1505,-1.540779429
4/11/12,73.91,0.3905,0.531151599
4/12/12,74.78,0.87,1.177107293
4/13/12,74.02,-0.76,-1.016314523
4/16/12,73.68,-0.34,-0.459335315
4/17/12,74.91,1.23,1.669381107
4/18/12,74.68,-0.23,-0.307035109
4/19/12,74.1,-0.58,-0.776647027
4/20/12,74.2,0.1,0.134952767
4/23/12,73.59,-0.61,-0.822102426
4/24/12,73.69,0.1,0.135888028
4/25/12,75.01,1.32,1.791287827
4/26/12,75.47,0.46,0.613251566
4/27/12,75.69,0.22,0.291506559
4/30/12,75.37,-0.32,-0.422777117
5/1/12,75.65,0.28,0.371500597
5/2/12,75.67,0.02,0.026437541
5/3/12,75.13,-0.54,-0.71362495
5/4/12,73.91,-1.22,-1.62385199
5/7/12,73.91,0,0
5/8/12,73.6173,-0.2927,-0.396022189
5/9/12,73.13,-0.4873,-0.6619368
5/10/12,73.25,0.12,0.164091344
5/11/12,73.2,-0.05,-0.068259386
5/14/12,72.51,-0.69,-0.942622951
5/15/12,72.24,-0.27,-0.372362433
5/16/12,72.01,-0.23,-0.318383167
5/17/12,70.84,-1.17,-1.624774337
5/18/12,70.27,-0.57,-0.804630152
5/21/12,71.67,1.4,1.992315355
5/22/12,71.71,0.04,0.055811358
5/23/12,71.86,0.15,0.209175847
5/24/12,71.98,0.12,0.166991372
5/25/12,71.64,-0.34,-0.472353432
5/29/12,72.42,0.78,1.088777219
5/30/12,71.52,-0.9,-1.242750621
5/31/12,71.26,-0.26,-0.363534676
6/1/12,69.56,-1.7,-2.385630087
6/4/12,69.75,0.19,0.273145486
6/5/12,70.04,0.29,0.415770609
6/6/12,71.53,1.49,2.127355797
6/7/12,71.57,0.04,0.055920593
6/8/12,72.07,0.5,0.698616739
6/11/12,71.19,-0.88,-1.221035105
6/12/12,71.92,0.73,1.025424919
6/13/12,71.44,-0.48,-0.667408231
6/14/12,72.1,0.66,0.923852184
6/15/12,72.76,0.66,0.915395284
6/18/12,73.12,0.36,0.49477735
6/19/12,73.49,0.37,0.506017505
6/20/12,73.3,-0.19,-0.258538577
6/21/12,71.68,-1.62,-2.210095498
6/22/12,72.2,0.52,0.725446429
6/25/12,71.15,-1.05,-1.454293629
6/26/12,71.43,0.28,0.393534786
6/27/12,72.02,0.59,0.82598348
6/28/12,71.74,-0.28,-0.388780894
6/29/12,73.51,1.77,2.467242821
7/2/12,73.71,0.2,0.272071827
7/3/12,74.27,0.56,0.759734093
7/5/12,74.19,-0.08,-0.107715094
7/6/12,73.51,-0.68,-0.916565575
7/9/12,73.46,-0.05,-0.068017957
7/10/12,72.84,-0.62,-0.843996733
7/11/12,72.75,-0.09,-0.123558484
7/12/12,72.51,-0.24,-0.329896907
7/13/12,73.54,1.03,1.420493725
7/16/12,73.41,-0.13,-0.176774544
7/17/12,73.84,0.43,0.58575126
7/18/12,74.43,0.59,0.799024919
7/19/12,74.92,0.49,0.658336692
7/20/12,74.2,-0.72,-0.961025093
7/23/12,73.48,-0.72,-0.970350404
7/24/12,72.82,-0.66,-0.898203593
7/25/12,72.7,-0.12,-0.164789893
7/26/12,73.79,1.09,1.499312242
7/27/12,75.24,1.45,1.965035913
7/30/12,75.2528,0.0128,0.017012228
7/31/12,74.81,-0.4428,-0.588416644
8/1/12,74.6499,-0.1601,-0.214008822
8/2/12,74.09,-0.5599,-0.750034494
8/3/12,75.47,1.38,1.862599541
8/6/12,75.62,0.15,0.198754472
8/7/12,75.97,0.35,0.462840518
8/8/12,75.96,-0.01,-0.013163091
8/9/12,76,0.04,0.052659294
8/10/12,76.14,0.14,0.184210526
8/13/12,76.18,0.04,0.052534804
8/14/12,76.24,0.06,0.07876083
8/15/12,76.34,0.1,0.131164743
8/16/12,76.92,0.58,0.759758973
8/17/12,77.04,0.12,0.15600624
8/20/12,77.03,-0.01,-0.01298027
8/21/12,76.72,-0.31,-0.402440608
8/22/12,76.84,0.12,0.15641293
8/23/12,76.31,-0.53,-0.689744925
8/24/12,76.78,0.47,0.615908793
8/27/12,76.82,0.04,0.0520969
8/28/12,76.81,-0.01,-0.013017443
8/29/12,76.83,0.02,0.026038276
8/30/12,76.21,-0.62,-0.806976441
8/31/12,76.58,0.37,0.48550059
9/4/12,76.51,-0.07,-0.091407678
9/5/12,76.37,-0.14,-0.182982617
9/6/12,77.77,1.4,1.833180568
9/7/12,78.04,0.27,0.347177575
9/10/12,77.53,-0.51,-0.65351102
9/11/12,77.61,0.08,0.103185864
9/12/12,77.86,0.25,0.322123438
9/13/12,79,1.14,1.464166453
9/14/12,79.33,0.33,0.417721519
9/17/12,79.35,0.02,0.025211143
9/18/12,79.35,0,0
9/19/12,79.34,-0.01,-0.012602394
9/20/12,79.31,-0.03,-0.037811949
9/21/12,79.28,-0.03,-0.037826251
9/24/12,79.06,-0.22,-0.277497477
9/25/12,77.95,-1.11,-1.403996964
9/26/12,77.48,-0.47,-0.602950609
9/27/12,78.24,0.76,0.980898296
9/28/12,77.85,-0.39,-0.498466258
10/1/12,78.03,0.18,0.231213873
10/2/12,78.06,0.03,0.038446751
10/3/12,78.37,0.31,0.397130413
10/4/12,78.83,0.46,0.586959296
10/5/12,78.72,-0.11,-0.139540784
10/8/12,78.41,-0.31,-0.393800813
10/9/12,77.56,-0.85,-1.084045402
10/10/12,77.06,-0.5,-0.644662197
10/11/12,77.03,-0.03,-0.038930703
10/12/12,76.93,-0.1,-0.129819551
10/15/12,77.54,0.61,0.792928636
10/16/12,78.4,0.86,1.109104978
10/17/12,78.46,0.06,0.076530612
10/18/12,78.01,-0.45,-0.573540658
10/19/12,76.62,-1.39,-1.781822843
10/22/12,76.78,0.16,0.208822762
10/23/12,75.75,-1.03,-1.341495181
10/24/12,75.5192,-0.2308,-0.304686469
10/25/12,75.65,0.1308,0.173200987
10/26/12,75.7,0.05,0.066093853
10/31/12,75.63,-0.07,-0.092470277
11/1/12,76.42,0.79,1.044559037
11/2/12,75.65,-0.77,-1.007589636
11/5/12,75.9,0.25,0.330469266
11/6/12,76.37,0.47,0.619235837
11/7/12,74.83,-1.54,-2.016498625
11/8/12,73.8,-1.03,-1.376453294
11/9/12,74,0.2,0.27100271
11/12/12,74.09,0.09,0.121621622
11/13/12,73.87,-0.22,-0.296936159
11/14/12,72.94,-0.93,-1.258968458
11/15/12,72.79,-0.15,-0.205648478
11/16/12,73.18,0.39,0.535787883
11/19/12,74.68,1.5,2.049740366
11/20/12,74.71,0.03,0.040171398
11/21/12,74.89,0.18,0.240931602
11/23/12,75.86,0.97,1.295233008
11/26/12,75.78,-0.08,-0.105457422
11/27/12,75.44,-0.34,-0.448667195
11/28/12,76,0.56,0.742311771
11/29/12,76.36,0.36,0.473684211
11/30/12,76.3,-0.06,-0.07857517
12/3/12,75.95,-0.35,-0.458715596
12/4/12,75.8,-0.15,-0.197498354
12/5/12,75.59,-0.21,-0.277044855
12/6/12,75.91,0.32,0.42333642
12/7/12,75.97,0.06,0.07904097
12/10/12,76.04,0.07,0.092141635
12/11/12,76.65,0.61,0.802209363
12/12/12,76.56,-0.09,-0.11741683
12/13/12,76.06,-0.5,-0.65308255
12/14/12,75.6,-0.46,-0.604785696
12/17/12,76.4,0.8,1.058201058
12/18/12,77.23,0.83,1.086387435
12/19/12,76.22,-1.01,-1.30778195
12/20/12,76.47,0.25,0.327997901
12/21/12,75.87,-0.6,-0.78462142
12/24/12,75.7,-0.17,-0.224067484
12/26/12,75.26,-0.44,-0.581241744
12/27/12,75.24,-0.02,-0.026574542
12/28/12,74.39,-0.85,-1.129718235
12/31/12,75.74,1.35,1.814760048
1/2/13,77.76,2.02,2.667018748
1/3/13,77.55,-0.21,-0.270061728
1/4/13,77.69,0.14,0.180528691
1/7/13,77.53,-0.16,-0.205946711
1/8/13,77.41,-0.12,-0.154778795
1/9/13,77.61,0.2,0.258364552
1/10/13,78.11,0.5,0.644246875
1/11/13,78.18,0.07,0.089617207
1/14/13,77.97,-0.21,-0.268610898
1/15/13,77.8,-0.17,-0.218032577
1/16/13,77.94,0.14,0.179948586
1/17/13,78.4,0.46,0.590197588
1/18/13,78.51,0.11,0.140306122
1/22/13,78.74,0.23,0.292956311
1/23/13,78.99,0.25,0.317500635
1/24/13,78.73,-0.26,-0.329155589
1/25/13,79.1,0.37,0.469960625
1/28/13,79.01,-0.09,-0.113780025
1/29/13,79.24,0.23,0.291102392
1/30/13,78.97,-0.27,-0.340737002
1/31/13,78.73,-0.24,-0.303912878
2/1/13,79.45,0.72,0.914517973
2/4/13,78.51,-0.94,-1.183134047
2/5/13,79.36,0.85,1.082664629
2/6/13,79.41,0.05,0.063004032
2/7/13,79.37,-0.04,-0.05037149
2/8/13,79.91,0.54,0.680357818
2/11/13,79.87,-0.04,-0.050056313
2/12/13,79.81,-0.06,-0.075122073
2/13/13,79.91,0.1,0.125297582
2/14/13,79.98,0.07,0.087598548
2/15/13,80.02,0.04,0.050012503
2/19/13,80.61,0.59,0.737315671
2/20/13,79.56,-1.05,-1.30256792
2/21/13,79.01,-0.55,-0.691302162
2/22/13,79.73,0.72,0.911277054
2/25/13,78.4,-1.33,-1.668129939
2/26/13,78.97,0.57,0.727040816
2/27/13,79.84,0.87,1.101684184
2/28/13,79.66,-0.18,-0.225450902
3/1/13,80.03,0.37,0.464474015
3/4/13,80.42,0.39,0.487317256
3/5/13,81.27,0.85,1.056951007
3/6/13,81.285,0.015,0.018456995
3/7/13,81.4,0.115,0.141477517
3/8/13,81.67,0.27,0.331695332
3/11/13,81.96,0.29,0.355087547
3/12/13,81.71,-0.25,-0.305026842
3/13/13,81.79,0.08,0.097907233
3/14/13,82.16,0.37,0.452378041
3/15/13,81.99,-0.17,-0.20691334
3/18/13,81.69,-0.3,-0.36589828
3/19/13,81.53,-0.16,-0.195862407
3/20/13,82.12,0.59,0.723660002
3/21/13,81.36,-0.76,-0.925474915
3/22/13,82.07,0.71,0.8726647
3/25/13,81.47,-0.6,-0.731083222
3/26/13,82.16,0.69,0.846937523
3/27/13,82.14,-0.02,-0.024342746
3/28/13,82.38,0.24,0.292184076
4/1/13,82.01,-0.37,-0.44913814
4/2/13,82.48,0.47,0.573100841
4/3/13,81.78,-0.7,-0.848690592
4/4/13,81.97,0.19,0.232330643
4/5/13,81.49,-0.48,-0.58558009
4/8/13,81.99,0.5,0.613572217
4/9/13,82.26,0.27,0.329308452
4/10/13,83.41,1.15,1.398006321
4/11/13,83.7,0.29,0.347680134
4/12/13,83.59,-0.11,-0.131421744
4/15/13,81.7,-1.89,-2.261036009
4/16/13,83,1.3,1.591187271
4/17/13,81.79,-1.21,-1.457831325
4/18/13,81.07,-0.72,-0.880303216
4/19/13,81.9,0.83,1.023806587
4/22/13,82.46,0.56,0.683760684
4/23/13,83.33,0.87,1.055056997
4/24/13,83.11,-0.22,-0.26401056
4/25/13,83.45,0.34,0.409096378
4/26/13,83.29,-0.16,-0.191731576
4/29/13,83.9,0.61,0.732380838
4/30/13,84.05,0.15,0.178784267
5/1/13,83.47,-0.58,-0.690065437
5/2/13,84.3,0.83,0.994369234
5/3/13,85.22,0.92,1.091340451
5/6/13,85.44,0.22,0.258155363
5/7/13,85.8,0.36,0.421348315
5/8/13,86.17,0.37,0.431235431
5/9/13,86.06,-0.11,-0.127654636
5/10/13,86.46,0.4,0.464792006
5/13/13,86.53,0.07,0.080962295
5/14/13,87.32,0.79,0.912978158
5/15/13,87.73,0.41,0.469537334
5/16/13,87.3,-0.43,-0.490140203
5/17/13,88.05,0.75,0.859106529
5/20/13,87.87,-0.18,-0.204429302
5/21/13,88.11,0.24,0.273130761
5/22/13,87.35,-0.76,-0.862558166
5/23/13,87.1,-0.25,-0.286204923
5/24/13,87.06,-0.04,-0.045924225
5/28/13,87.57,0.51,0.585802895
5/29/13,86.8,-0.77,-0.879296563
5/30/13,87.15,0.35,0.403225806
5/31/13,85.9901,-1.1599,-1.330923695
6/3/13,86.4,0.4099,0.476682781
6/4/13,85.99,-0.41,-0.474537037
6/5/13,84.74,-1.25,-1.453657402
6/6/13,85.48,0.74,0.873259382
6/7/13,86.59,1.11,1.298549368
6/10/13,86.49,-0.1,-0.115486777
6/11/13,85.66,-0.83,-0.959648514
6/12/13,84.87,-0.79,-0.922250759
6/13/13,86.12,1.25,1.472840815
6/14/13,85.69,-0.43,-0.499303298
6/17/13,86.31,0.62,0.723538336
6/18/13,86.96,0.65,0.753099293
6/19/13,85.8,-1.16,-1.333946642
6/20/13,83.61,-2.19,-2.552447552
6/21/13,83.85,0.24,0.287047004
6/24/13,82.78,-1.07,-1.276088253
6/25/13,83.53,0.75,0.906015946
6/26/13,84.04,0.51,0.610559081
6/27/13,84.42,0.38,0.452165635
6/28/13,84.01,-0.41,-0.485666904
7/1/13,84.62,0.61,0.726104035
7/2/13,84.71,0.09,0.106357835
7/3/13,84.84,0.13,0.153464762
7/5/13,85.67,0.83,0.978312117
7/8/13,85.97,0.3,0.350180927
7/9/13,86.63,0.66,0.767709666
7/10/13,86.76,0.13,0.150063488
7/11/13,88.1,1.34,1.544490549
7/12/13,88.23,0.13,0.147559591
7/15/13,88.34,0.11,0.124674147
7/16/13,88.07,-0.27,-0.30563731
7/17/13,88.32,0.25,0.283865107
7/18/13,88.53,0.21,0.237771739
7/19/13,88.5,-0.03,-0.033886818
7/22/13,88.66,0.16,0.18079096
7/23/13,88.34,-0.32,-0.360929393
7/24/13,88.25,-0.09,-0.101879103
7/25/13,88.51,0.26,0.294617564
7/26/13,88.64,0.13,0.146876059
7/29/13,88.39,-0.25,-0.282039711
7/30/13,88.54,0.15,0.169702455
7/31/13,88.45,-0.09,-0.101648972
8/1/13,89.4,0.95,1.074053137
8/2/13,89.68,0.28,0.313199105
8/5/13,89.63,-0.05,-0.055753791
8/6/13,89.25,-0.38,-0.42396519
8/7/13,88.88,-0.37,-0.414565826
8/8/13,89.2,0.32,0.360036004
8/9/13,88.89,-0.31,-0.347533632
8/12/13,88.86,-0.03,-0.033749578
8/13/13,89.23,0.37,0.416385325
8/14/13,88.77,-0.46,-0.515521686
8/15/13,87.43,-1.34,-1.509518982
8/16/13,87.2,-0.23,-0.263067597
8/19/13,86.86,-0.34,-0.389908257
8/20/13,87.18,0.32,0.368408934
8/21/13,86.8,-0.38,-0.435879789
8/22/13,87.59,0.79,0.910138249
8/23/13,87.83,0.24,0.274003882
8/26/13,87.63,-0.2,-0.227712627
8/27/13,86.25,-1.38,-1.57480315
8/28/13,86.52,0.27,0.313043478
8/29/13,86.71,0.19,0.219602404
8/30/13,86.37,-0.34,-0.392111636
9/3/13,86.86,0.49,0.567326618
9/4/13,87.72,0.86,0.99009901
9/5/13,87.72,0,0
9/6/13,87.75,0.03,0.034199726
9/9/13,88.69,0.94,1.071225071
9/10/13,89.17,0.48,0.54121096
9/11/13,89.39,0.22,0.246719749
9/12/13,89.27,-0.12,-0.134243204
9/13/13,89.41,0.14,0.156827602
9/16/13,89.8,0.39,0.43619282
9/17/13,90.24,0.44,0.489977728
9/18/13,91.46,1.22,1.351950355
9/19/13,91.47,0.01,0.010933742
9/20/13,90.93,-0.54,-0.590357494
9/23/13,90.49,-0.44,-0.483888706
9/24/13,89.98,-0.51,-0.563598188
9/25/13,89.61,-0.37,-0.411202489
9/26/13,90.07,0.46,0.513335565
9/27/13,89.8,-0.27,-0.299766848
9/30/13,89.36,-0.44,-0.489977728
10/1/13,90.14,0.78,0.872873769
10/2/13,90.02,-0.12,-0.133126248
10/3/13,89.16,-0.86,-0.955343257
10/4/13,89.81,0.65,0.729026469
10/7/13,89.01,-0.8,-0.890769402
10/8/13,87.78,-1.23,-1.381867206
10/9/13,87.68,-0.1,-0.113921167
10/10/13,89.59,1.91,2.178375912
10/11/13,90.21,0.62,0.692041522
10/14/13,90.71,0.5,0.554262277
10/15/13,90.03,-0.68,-0.749641715
10/16/13,91.24,1.21,1.343996446
10/17/13,91.86,0.62,0.679526523
10/18/13,92.63,0.77,0.838232092
10/21/13,92.72,0.09,0.097160747
10/22/13,93.2,0.48,0.517687662
10/23/13,92.88,-0.32,-0.343347639
10/24/13,93.21,0.33,0.355297158
10/25/13,93.69,0.48,0.514966205
10/28/13,93.85,0.16,0.170775963
10/29/13,94.31,0.46,0.490143847
10/30/13,93.83,-0.48,-0.508959813
10/31/13,93.58,-0.25,-0.266439305
11/1/13,93.8,0.22,0.235092969
11/4/13,94.06,0.26,0.277185501
11/5/13,93.9,-0.16,-0.170104189
11/6/13,94.18,0.28,0.298189563
11/7/13,92.85,-1.33,-1.412189425
11/8/13,94.02,1.17,1.260096931
11/11/13,94.09,0.07,0.074452244
11/12/13,94.09,0,0
11/13/13,94.85,0.76,0.807737273
11/14/13,95.4335,0.5835,0.615181866
11/15/13,95.81,0.3765,0.394515553
11/18/13,95.38,-0.43,-0.448804926
11/19/13,95.12,-0.26,-0.272593835
11/20/13,94.8,-0.32,-0.336417157
11/21/13,95.58,0.78,0.82278481
11/22/13,96.06,0.48,0.502197112
11/25/13,96,-0.06,-0.062460962
11/26/13,96.25,0.25,0.260416667
11/27/13,96.56,0.31,0.322077922
11/29/13,96.11,-0.45,-0.466031483
12/2/13,96.27,0.16,0.166475913
12/3/13,95.96,-0.31,-0.322011011
12/4/13,95.93,-0.03,-0.031263026
12/5/13,95.69,-0.24,-0.250182425
12/6/13,96.72,1.03,1.076392518
12/9/13,96.9,0.18,0.186104218
12/10/13,96.57,-0.33,-0.340557276
12/11/13,95.61,-0.96,-0.994097546
12/12/13,95.2,-0.41,-0.428825437
12/13/13,95.21,0.01,0.010504202
12/16/13,95.76,0.55,0.577670413
12/17/13,95.54,-0.22,-0.229741019
12/18/13,97.14,1.6,1.674691229
12/19/13,97.06,-0.08,-0.082355363
12/20/13,97.74,0.68,0.700597569
12/23/13,97.88,0.14,0.14323716
12/24/13,98.05,0.17,0.17368206
12/26/13,98.5,0.45,0.458949516
12/27/13,98.31,-0.19,-0.192893401
12/30/13,98.29,-0.02,-0.02034381
12/31/13,98.75,0.46,0.468002849
1/2/14,97.92,-0.83,-0.840506329
1/3/14,97.69,-0.23,-0.234885621
1/6/14,97.36,-0.33,-0.337803255
1/7/14,98.11,0.75,0.770336894
1/8/14,98.29,0.18,0.183467536
1/9/14,98.22,-0.07,-0.071217825
1/10/14,98.53,0.31,0.315618
1/13/14,97.17,-1.36,-1.380290267
1/14/14,98.49,1.32,1.358443964
1/15/14,99.02,0.53,0.538125698
1/16/14,98.93,-0.09,-0.090890729
1/17/14,98.54,-0.39,-0.394218134
1/21/14,99.02,0.48,0.487111833
1/22/14,99.26,0.24,0.242375278
1/23/14,98.42,-0.84,-0.846262341
1/24/14,96.29,-2.13,-2.164194269
1/27/14,95.62,-0.67,-0.695814726
1/28/14,96.07,0.45,0.470612843
1/29/14,94.97,-1.1,-1.144998439
1/30/14,96.28,1.31,1.379382963
1/31/14,95.85,-0.43,-0.446614042
2/3/14,93.6,-2.25,-2.34741784
2/4/14,94.47,0.87,0.929487179
2/5/14,94.29,-0.18,-0.190536678
2/6/14,95.59,1.3,1.378725209
2/7/14,97.06,1.47,1.537817763
2/10/14,97.35,0.29,0.298784257
2/11/14,98.39,1.04,1.068310221
2/12/14,98.51,0.12,0.121963614
2/13/14,99.14,0.63,0.639528982
2/14/14,99.47,0.33,0.332862619
2/18/14,99.71,0.24,0.241278778
2/19/14,99.03,-0.68,-0.681977735
2/20/14,99.57,0.54,0.545289306
2/21/14,99.58,0.01,0.010043186
2/24/14,100.16,0.58,0.582446274
2/25/14,100.09,-0.07,-0.069888179
2/26/14,100.04,-0.05,-0.04995504
2/27/14,100.69,0.65,0.649740104
2/28/14,100.85,0.16,0.158903565
3/3/14,100.09,-0.76,-0.753594447
3/4/14,101.7,1.61,1.608552303
3/5/14,101.58,-0.12,-0.1179941
3/6/14,101.8,0.22,0.216578067
3/7/14,101.65,-0.15,-0.147347741
3/10/14,101.61,-0.04,-0.039350713
3/11/14,101.23,-0.38,-0.373978939
3/12/14,101.2099,-0.0201,-0.019855774
3/13/14,99.88,-1.3299,-1.314001891
3/14/14,99.5,-0.38,-0.380456548
3/17/14,100.48,0.98,0.984924623
3/18/14,101.35,0.87,0.865843949
3/19/14,100.63,-0.72,-0.710409472
3/20/14,101.03,0.4,0.397495777
3/21/14,100.43,-0.6,-0.593883005
3/24/14,99.77,-0.66,-0.657174151
3/25/14,99.8,0.03,0.030069159
3/26/14,98.88,-0.92,-0.921843687
3/27/14,98.52,-0.36,-0.36407767
3/28/14,98.93,0.41,0.416159156
3/31/14,99.84,0.91,0.919842313
4/1/14,100.7,0.86,0.861378205
4/2/14,101.07,0.37,0.367428004
4/3/14,100.73,-0.34,-0.336400514
4/4/14,99.07,-1.66,-1.64796982
4/7/14,97.85,-1.22,-1.231452508
4/8/14,98.23,0.38,0.388349515
4/9/14,99.6698,1.4398,1.465743663
4/10/14,97.16,-2.5098,-2.518114815
4/11/14,96.08,-1.08,-1.111568547
4/14/14,96.9,0.82,0.853455454
4/15/14,97.57,0.67,0.691434469
4/16/14,98.78,1.21,1.240135287
4/17/14,98.89,0.11,0.111358575
4/21/14,99.41,0.52,0.525836788
4/22/14,100.03,0.62,0.62367971
4/23/14,99.64,-0.39,-0.389883035
4/24/14,99.88,0.24,0.240867122
4/25/14,98.84,-1.04,-1.041249499
4/28/14,99.14,0.3,0.303520842
4/29/14,99.65,0.51,0.514424047
4/30/14,100,0.35,0.351229303
5/1/14,100.19,0.19,0.19
5/2/14,100.03,-0.16,-0.159696577
5/5/14,100.45,0.42,0.419874038
5/6/14,99.54,-0.91,-0.905923345
5/7/14,99.83,0.29,0.291340165
5/8/14,99.69,-0.14,-0.140238405
5/9/14,99.98,0.29,0.290901796
5/12/14,101.11,1.13,1.130226045
5/13/14,101.18,0.07,0.06923153
5/14/14,100.65,-0.53,-0.523818937
5/15/14,99.72,-0.93,-0.923994039
5/16/14,100.23,0.51,0.51143201
5/19/14,100.75,0.52,0.518806744
5/20/14,100.12,-0.63,-0.625310174
5/21/14,101.09,0.97,0.968837395
5/22/14,101.44,0.35,0.346226135
5/23/14,101.98,0.54,0.532334385
5/27/14,102.77,0.79,0.774661698
5/28/14,102.56,-0.21,-0.204339788
5/29/14,103.18,0.62,0.604524181
5/30/14,103.28,0.1,0.096918007
6/2/14,103.48,0.2,0.193648335
6/3/14,103.38,-0.1,-0.096637031
6/4/14,103.57,0.19,0.183787967
6/5/14,104.32,0.75,0.724147919
6/6/14,104.82,0.5,0.479294479
6/9/14,104.91,0.09,0.085861477
6/10/14,104.92,0.01,0.00953198
6/11/14,104.64,-0.28,-0.266869996
6/12/14,103.7,-0.94,-0.898318043
6/13/14,103.93,0.23,0.221793635
6/16/14,104,0.07,0.067353026
6/17/14,104.19,0.19,0.182692308
6/18/14,104.99,0.8,0.767828007
6/19/14,105.05,0.06,0.0571483
6/20/14,105.15,0.1,0.095192765
6/23/14,105.04,-0.11,-0.104612458
6/24/14,104.18,-0.86,-0.81873572
6/25/14,104.9,0.72,0.691111538
6/26/14,104.87,-0.03,-0.028598665
6/27/14,105.14,0.27,0.257461619
6/30/14,105.19,0.05,0.04755564
7/1/14,106.03,0.84,0.798554996
7/2/14,106.16,0.13,0.122606809
7/3/14,106.69,0.53,0.49924642
7/7/14,106.31,-0.38,-0.356172087
7/8/14,105.45,-0.86,-0.808954943
7/9/14,106,0.55,0.521574206
7/10/14,105.54,-0.46,-0.433962264
7/11/14,105.8,0.26,0.246352094
7/14/14,106.43,0.63,0.595463138
7/15/14,106,-0.43,-0.404021423
7/16/14,106.3,0.3,0.283018868
7/17/14,104.93,-1.37,-1.288805268
7/18/14,106.29,1.36,1.296102163
7/21/14,105.99,-0.3,-0.282246684
7/22/14,106.53,0.54,0.509482027
7/23/14,106.89,0.36,0.337932977
7/24/14,106.83,-0.06,-0.056132473
7/25/14,106.27,-0.56,-0.524197323
7/28/14,106.2,-0.07,-0.065869954
7/29/14,105.77,-0.43,-0.404896422
7/30/14,105.97,0.2,0.189089534
7/31/14,103.86,-2.11,-1.991129565
8/1/14,103.59,-0.27,-0.259965338
8/4/14,104.29,0.7,0.675740902
8/5/14,103.43,-0.86,-0.824623646
8/6/14,103.31,-0.12,-0.116020497
8/7/14,102.8,-0.51,-0.493659859
8/8/14,103.94,1.14,1.108949416
8/11/14,104.33,0.39,0.375216471
8/12/14,104.08,-0.25,-0.239624269
8/13/14,104.99,0.91,0.87432744
8/14/14,105.52,0.53,0.504809982
8/15/14,105.65,0.13,0.123199393
8/18/14,106.66,1.01,0.955986749
8/19/14,107.31,0.65,0.609413088
8/20/14,107.57,0.26,0.242288696
8/21/14,107.66,0.09,0.08366645
8/22/14,107.67,0.01,0.009288501
8/25/14,108.26,0.59,0.547970651
8/26/14,108.26,0,0
8/27/14,108.18,-0.08,-0.073896176
8/28/14,108.05,-0.13,-0.120170087
8/29/14,108.27,0.22,0.20360944
9/2/14,108.44,0.17,0.15701487
9/3/14,108.1,-0.34,-0.31353744
9/4/14,107.86,-0.24,-0.222016651
9/5/14,108.42,0.56,0.519191545
9/8/14,108.31,-0.11,-0.101457296
9/9/14,107.62,-0.69,-0.63706029
9/10/14,108.25,0.63,0.58539305
9/11/14,108.23,-0.02,-0.018475751
9/12/14,107.65,-0.58,-0.535895778
9/15/14,107.27,-0.38,-0.35299582
9/16/14,108.14,0.87,0.811037569
9/17/14,108.29,0.15,0.138709081
9/18/14,108.93,0.64,0.591005633
9/19/14,108.82,-0.11,-0.100982282
9/22/14,107.93,-0.89,-0.817864363
9/23/14,107.41,-0.52,-0.481793755
9/24/14,108.04,0.63,0.586537566
9/25/14,106.17,-1.87,-1.730840429
9/26/14,107.26,1.09,1.026655364
9/29/14,107.07,-0.19,-0.177139661
9/30/14,106.82,-0.25,-0.233492108
10/1/14,105.19,-1.63,-1.525931474
10/2/14,105.22,0.03,0.028519821
10/3/14,106.43,1.21,1.149971488
10/6/14,106.23,-0.2,-0.187916941
10/7/14,104.59,-1.64,-1.543820013
10/8/14,106.52,1.93,1.845300698
10/9/14,104.45,-2.07,-1.943297033
10/10/14,102.97,-1.48,-1.416945907
10/13/14,101.06,-1.91,-1.854909197
10/14/14,101.21,0.15,0.148426677
10/15/14,100.65,-0.56,-0.553305009
10/16/14,100.58,-0.07,-0.069547938
10/17/14,101.9,1.32,1.312388149
10/20/14,103.04,1.14,1.118743867
10/21/14,105.24,2.2,2.135093168
10/22/14,104.45,-0.79,-0.750665146
10/23/14,105.94,1.49,1.426519866
10/24/14,106.74,0.8,0.755144421
10/27/14,106.65,-0.09,-0.084317032
10/28/14,107.92,1.27,1.190811064
10/29/14,107.8,-0.12,-0.111193477
10/30/14,108.58,0.78,0.723562152
10/31/14,109.79,1.21,1.114385706
11/3/14,109.91,0.12,0.109299572
11/4/14,109.54,-0.37,-0.336639068
11/5/14,109.97,0.43,0.392550666
11/6/14,110.45,0.48,0.436482677
11/7/14,110.43,-0.02,-0.018107741
11/10/14,110.84,0.41,0.371275921
11/11/14,111,0.16,0.144352219
11/12/14,111.06,0.06,0.054054054
11/13/14,111.17,0.11,0.099045561
11/14/14,111.2,0.03,0.026985698
11/17/14,111.04,-0.16,-0.143884892
11/18/14,111.84,0.8,0.720461095
11/19/14,111.58,-0.26,-0.232474964
11/20/14,111.75,0.17,0.152357053
11/21/14,112.3,0.55,0.492170022
11/24/14,112.84,0.54,0.480854853
11/25/14,112.88,0.04,0.035448423
11/26/14,113.21,0.33,0.292345854
11/28/14,113.2,-0.01,-0.008833142
12/1/14,112.15,-1.05,-0.927561837
12/2/14,112.73,0.58,0.517164512
12/3/14,113.14,0.41,0.363700878
12/4/14,113.1,-0.04,-0.035354428
12/5/14,113.25,0.15,0.132625995
12/8/14,112.47,-0.78,-0.688741722
12/9/14,112.54,0.07,0.062238819
12/10/14,110.73,-1.81,-1.608317043
12/11/14,111.3,0.57,0.514765646
12/12/14,109.61,-1.69,-1.518418688
12/15/14,108.88,-0.73,-0.665997628
12/16/14,107.68,-1.2,-1.102130786
12/17/14,109.91,2.23,2.070950966
12/18/14,112.54,2.63,2.392866891
12/19/14,112.92,0.38,0.337657722
12/22/14,113.53,0.61,0.540205455
12/23/14,113.29,-0.24,-0.211397868
12/24/14,112.89,-0.4,-0.353076176
12/26/14,113.39,0.5,0.442909026
12/29/14,113.54,0.15,0.132286798
12/30/14,112.76,-0.78,-0.686982561
12/31/14,111.6,-1.16,-1.028733593
1/2/15,111.5,-0.1,-0.089605735
1/5/15,109.84,-1.66,-1.488789238
1/6/15,108.81,-1.03,-0.937727604
1/7/15,110.35,1.54,1.415311093
1/8/15,112.42,2.07,1.87584957
1/9/15,111.61,-0.81,-0.720512364
1/12/15,110.8,-0.81,-0.725741421
1/13/15,110.65,-0.15,-0.135379061
1/14/15,110.19,-0.46,-0.41572526
1/15/15,109.05,-1.14,-1.03457664
1/16/15,110.43,1.38,1.265474553
1/20/15,110.79,0.36,0.32599837
1/21/15,111.31,0.52,0.46935644
1/22/15,113.08,1.77,1.590153625
1/23/15,112.78,-0.3,-0.265298903
1/26/15,113.01,0.23,0.203936868
1/27/15,111.11,-1.9,-1.681267145
1/28/15,110.15,-0.96,-0.86400864
1/29/15,111.27,1.12,1.016795279
1/30/15,109.75,-1.52,-1.366046553
2/2/15,110.75,1,0.911161731
2/3/15,112.04,1.29,1.164785553
2/4/15,111.69,-0.35,-0.312388433
2/5/15,112.97,1.28,1.146029188
2/6/15,112.22,-0.75,-0.663893069
2/9/15,111.66,-0.56,-0.499019783
2/10/15,113.14,1.48,1.325452266
2/11/15,113.34,0.2,0.176772141
2/12/15,114.52,1.18,1.041115229
2/13/15,115.03,0.51,0.445337059
2/17/15,115.26,0.23,0.19994784
2/18/15,115.51,0.25,0.21690092
2/19/15,115.63,0.12,0.103887109
2/20/15,116.42,0.79,0.683213699
2/23/15,116.59,0.17,0.14602302
2/24/15,116.72,0.13,0.111501844
2/25/15,116.62,-0.1,-0.08567512
2/26/15,116.77,0.15,0.128622878
2/27/15,116.31,-0.46,-0.393936799
3/2/15,117.19,0.88,0.756598745
3/3/15,116.62,-0.57,-0.486389624
3/4/15,116.25,-0.37,-0.317269765
3/5/15,116.32,0.07,0.060215054
3/6/15,114.69,-1.63,-1.40130674
3/9/15,115.22,0.53,0.462115267
3/10/15,113.39,-1.83,-1.588265926
3/11/15,112.96,-0.43,-0.379222154
3/12/15,114.29,1.33,1.177407932
3/13/15,113.62,-0.67,-0.586228016
3/16/15,115.24,1.62,1.425805316
3/17/15,115.02,-0.22,-0.190905935
3/18/15,116.31,1.29,1.121544079
3/19/15,116.24,-0.07,-0.060183991
3/20/15,117.19,0.95,0.817274604
3/23/15,116.84,-0.35,-0.298660295
3/24/15,116.3,-0.54,-0.46217049
3/25/15,113.75,-2.55,-2.192605331
3/26/15,113.52,-0.23,-0.202197802
3/27/15,113.85,0.33,0.290697674
3/30/15,115.05,1.2,1.054018445
3/31/15,113.95,-1.1,-0.956106041
4/1/15,113.43,-0.52,-0.4563405
4/2/15,113.74,0.31,0.273296306
4/6/15,114.39,0.65,0.571478811
4/7/15,114.24,-0.15,-0.131130344
4/8/15,114.82,0.58,0.507703081
4/9/15,115.23,0.41,0.357080648
4/10/15,115.71,0.48,0.416558188
4/13/15,115.21,-0.5,-0.43211477
4/14/15,115.18,-0.03,-0.026039406
4/15/15,115.63,0.45,0.390692829
4/16/15,115.63,0,0
4/17/15,114.28,-1.35,-1.16751708
4/20/15,115.54,1.26,1.102555128
4/21/15,115.75,0.21,0.181755236
4/22/15,116.34,0.59,0.509719222
4/23/15,116.67,0.33,0.283651367
4/24/15,117.16,0.49,0.419988
4/27/15,116.66,-0.5,-0.426766815
4/28/15,116.69,0.03,0.025715755
4/29/15,115.96,-0.73,-0.625589168
4/30/15,114.51,-1.45,-1.250431183
5/1/15,115.97,1.46,1.274997817
5/4/15,116.19,0.22,0.189704234
5/5/15,114.59,-1.6,-1.377054824
5/6/15,114.18,-0.41,-0.357797365
5/7/15,114.79,0.61,0.534244176
5/8/15,116.43,1.64,1.428695879
5/11/15,115.92,-0.51,-0.438031435
5/12/15,115.5,-0.42,-0.362318841
5/13/15,115.49,-0.01,-0.008658009
5/14/15,117.02,1.53,1.324790025
5/15/15,117.17,0.15,0.128183217
5/18/15,117.48,0.31,0.264572843
5/19/15,117.49,0.01,0.008512087
5/20/15,117.3,-0.19,-0.161715891
5/21/15,117.59,0.29,0.247229327
5/22/15,117.44,-0.15,-0.127561868
5/26/15,116.17,-1.27,-1.08140327
5/27/15,117.55,1.38,1.187914264
5/28/15,117.37,-0.18,-0.153126329
5/29/15,116.54,-0.83,-0.707165374
6/1/15,116.95,0.41,0.351810537
6/2/15,116.67,-0.28,-0.239418555
6/3/15,116.94,0.27,0.231421959
6/4/15,115.98,-0.96,-0.820933812
6/5/15,115.67,-0.31,-0.267287463
6/8/15,114.76,-0.91,-0.786720844
6/9/15,114.66,-0.1,-0.087138376
6/10/15,116.08,1.42,1.238444096
6/11/15,116.4,0.32,0.27567195
6/12/15,115.55,-0.85,-0.73024055
6/15/15,115.08,-0.47,-0.406750325
6/16/15,115.73,0.65,0.56482447
6/17/15,116.03,0.3,0.259224056
6/18/15,117.37,1.34,1.15487374
6/19/15,116.89,-0.48,-0.408963108
6/22/15,117.64,0.75,0.641628882
6/23/15,117.64,0,0
6/24/15,116.43,-1.21,-1.028561714
6/25/15,116.24,-0.19,-0.163188182
6/26/15,116.02,-0.22,-0.189263593
6/29/15,113.49,-2.53,-2.180658507
6/30/15,113.86,0.37,0.326019914
7/1/15,114.74,0.88,0.772878974
7/2/15,114.68,-0.06,-0.052292139
7/6/15,114.49,-0.19,-0.165678409
7/7/15,115.16,0.67,0.585203948
7/8/15,113.31,-1.85,-1.606460577
7/9/15,113.43,0.12,0.105904157
7/10/15,114.98,1.55,1.36648153
7/13/15,116.44,1.46,1.26978605
7/14/15,116.94,0.5,0.429405703
7/15/15,116.99,0.05,0.042756969
7/16/15,118.1,1.11,0.948799043
7/17/15,118.68,0.58,0.491109229
7/20/15,119.04,0.36,0.303336704
7/21/15,118.73,-0.31,-0.260416667
7/22/15,118.18,-0.55,-0.463235913
7/23/15,117.57,-0.61,-0.516161787
7/24/15,116.57,-1,-0.850557115
7/27/15,115.91,-0.66,-0.566183409
7/28/15,117.3,1.39,1.199206281
7/29/15,117.99,0.69,0.588235294
7/30/15,118.09,0.1,0.084752945
7/31/15,118.06,-0.03,-0.025404353
8/3/15,117.85,-0.21,-0.177875656
8/4/15,117.58,-0.27,-0.229104794
8/5/15,118,0.42,0.357203606
8/6/15,116.66,-1.34,-1.13559322
8/7/15,116.56,-0.1,-0.085719184
8/10/15,117.82,1.26,1.080988332
8/11/15,116.72,-1.1,-0.933627567
8/12/15,116.93,0.21,0.179917752
8/13/15,116.88,-0.05,-0.042760626
8/14/15,117.3,0.42,0.359342916
8/17/15,118.09,0.79,0.673486786
8/18/15,117.78,-0.31,-0.262511644
8/19/15,117.04,-0.74,-0.628290032
8/20/15,114.41,-2.63,-2.24709501
8/21/15,110.54,-3.87,-3.382571454
8/24/15,106.01,-4.53,-4.098064049
8/25/15,105.4,-0.61,-0.575417413
8/26/15,109.5,4.1,3.889943074
8/27/15,112.11,2.61,2.383561644
8/28/15,112.02,-0.09,-0.080278298
8/31/15,110.81,-1.21,-1.080164256
9/1/15,107.55,-3.26,-2.941972746
9/2/15,109.94,2.39,2.222222222
9/3/15,109.77,-0.17,-0.154629798
9/4/15,108.28,-1.49,-1.35738362
9/8/15,110.96,2.68,2.475064647
9/9/15,109.5,-1.46,-1.315789474
9/10/15,110.21,0.71,0.648401826
9/11/15,110.85,0.64,0.580709554
9/14/15,110.42,-0.43,-0.387911592
9/15/15,111.81,1.39,1.258829922
9/16/15,112.62,0.81,0.724443252
9/17/15,112.69,0.07,0.062155923
9/18/15,111.15,-1.54,-1.366580886
9/21/15,111.56,0.41,0.368870895
9/22/15,110.15,-1.41,-1.263893869
9/23/15,110.05,-0.1,-0.090785293
9/24/15,109.6,-0.45,-0.408905043
9/25/15,108.72,-0.88,-0.802919708
9/28/15,105.75,-2.97,-2.731788079
9/29/15,105.58,-0.17,-0.160756501
9/30/15,107.8,2.22,2.10267096
10/1/15,108.31,0.51,0.47309833
10/2/15,109.96,1.65,1.523405041
10/5/15,111.66,1.7,1.546016733
10/6/15,111.02,-0.64,-0.573168547
10/7/15,111.85,0.83,0.747613043
10/8/15,112.7,0.85,0.759946357
10/9/15,113.09,0.39,0.346051464
10/12/15,113.37,0.28,0.247590415
10/13/15,112.52,-0.85,-0.749757431
10/14/15,112.04,-0.48,-0.426590828
10/15/15,113.69,1.65,1.472688326
10/16/15,114.27,0.58,0.510159205
10/19/15,114.63,0.36,0.315043318
10/20/15,114.33,-0.3,-0.261711594
10/21/15,113.67,-0.66,-0.577276305
10/22/15,115.41,1.74,1.530746899
10/23/15,117.33,1.92,1.663634001
10/26/15,117.29,-0.04,-0.034091878
10/27/15,117.25,-0.04,-0.034103504
10/28/15,118.39,1.14,0.97228145
10/29/15,118.55,0.16,0.13514655
10/30/15,117.99,-0.56,-0.472374526
11/2/15,119.26,1.27,1.076362404
11/3/15,119.47,0.21,0.176085863
11/4/15,119.35,-0.12,-0.100443626
11/5/15,119.05,-0.3,-0.251361542
11/6/15,118.95,-0.1,-0.08399832
11/9/15,117.87,-1.08,-0.907944515
11/10/15,117.9,0.03,0.025451769
11/11/15,117.6,-0.3,-0.254452926
11/12/15,116.17,-1.43,-1.215986395
11/13/15,114.54,-1.63,-1.403116123
11/16/15,116.07,1.53,1.335777894
11/17/15,116.17,0.1,0.086154907
11/18/15,118.13,1.96,1.687182577
11/19/15,118.04,-0.09,-0.076187251
11/20/15,118.85,0.81,0.686208065
11/23/15,118.72,-0.13,-0.109381573
11/24/15,118.68,-0.04,-0.033692722
11/25/15,118.8,0.12,0.101112235
11/27/15,118.88,0.08,0.067340067
11/30/15,118.19,-0.69,-0.580417227
12/1/15,119.41,1.22,1.03223623
12/2/15,118.42,-0.99,-0.829076292
12/3/15,116.57,-1.85,-1.562236109
12/4/15,119.04,2.47,2.118898516
12/7/15,118.45,-0.59,-0.49563172
12/8/15,118.13,-0.32,-0.270156184
12/9/15,116.86,-1.27,-1.075086769
12/10/15,117.19,0.33,0.282389184
12/11/15,114.83,-2.36,-2.013823705
12/14/15,115.57,0.74,0.644430898
12/15/15,116.41,0.84,0.726832223
12/16/15,118.17,1.76,1.511897603
12/17/15,116.5,-1.67,-1.413218245
12/18/15,114.21,-2.29,-1.965665236
12/21/15,115.27,1.06,0.928114876
12/22/15,116.11,0.84,0.728723866
12/23/15,117.13,1.02,0.878477306
12/24/15,116.47,-0.66,-0.563476479
12/28/15,116.47,0,0
12/29/15,117.89,1.42,1.219198077
12/30/15,117.07,-0.82,-0.695563661
12/31/15,115.8,-1.27,-1.084821047
1/4/16,113.75,-2.05,-1.77029361
1/5/16,113.97,0.22,0.193406593
1/6/16,112.72,-1.25,-1.096779854
1/7/16,109.86,-2.86,-2.537260468
1/8/16,108.8,-1.06,-0.964864373
1/11/16,109.1,0.3,0.275735294
1/12/16,110.21,1.11,1.017415215
1/13/16,107.13,-3.08,-2.794664731
1/14/16,108.88,1.75,1.633529357
1/15/16,106.46,-2.42,-2.222630419
1/19/16,106.76,0.3,0.28179598
1/20/16,105.93,-0.83,-0.777444736
1/21/16,106.24,0.31,0.292646087
1/22/16,108.67,2.43,2.287274096
1/25/16,107.36,-1.31,-1.205484494
1/26/16,108.42,1.06,0.98733234
1/27/16,106.65,-1.77,-1.632540122
1/28/16,107.36,0.71,0.66572902
1/29/16,109.81,2.45,2.282041729
2/1/16,110.05,0.24,0.21855933
2/2/16,108.19,-1.86,-1.690140845
2/3/16,108.249,0.059,0.054533691
2/4/16,108.05,-0.199,-0.183835416
2/5/16,105.14,-2.91,-2.693197594
2/8/16,103.39,-1.75,-1.664447403
2/9/16,103.69,0.3,0.290163459
2/10/16,104.04,0.35,0.337544604
2/11/16,103.14,-0.9,-0.865051903
2/12/16,104.77,1.63,1.580376188
2/16/16,106.69,1.92,1.832585664
2/17/16,108.64,1.95,1.827725185
2/18/16,107.87,-0.77,-0.708762887
2/19/16,108.17,0.3,0.278112543
2/22/16,109.57,1.4,1.294259037
2/23/16,108.38,-1.19,-1.086063704
2/24/16,108.95,0.57,0.525927293
2/25/16,110.27,1.32,1.211564938
2/26/16,109.97,-0.3,-0.27205949
2/29/16,109,-0.97,-0.882058743
3/1/16,111.83,2.83,2.596330275
3/2/16,111.95,0.12,0.107305732
3/3/16,112.02,0.07,0.062527914
3/4/16,112.28,0.26,0.23210141
3/7/16,111.8,-0.48,-0.427502672
3/8/16,110.97,-0.83,-0.742397138
3/9/16,111.6,0.63,0.567721006
3/10/16,111.56,-0.04,-0.035842294
3/11/16,113.41,1.85,1.658300466
3/14/16,113.47,0.06,0.052905388
3/15/16,113.45,-0.02,-0.017625804
3/16/16,114.17,0.72,0.634640811
3/17/16,114.57,0.4,0.350354734
3/18/16,114.71,0.14,0.122196037
3/21/16,115.05,0.34,0.296399616
3/22/16,115.19,0.14,0.121686223
3/23/16,114.21,-0.98,-0.850768296
3/24/16,114.23,0.02,0.017511601
3/28/16,114.23,0,0
3/29/16,115.68,1.45,1.269368817
3/30/16,116.21,0.53,0.458160443
3/31/16,115.89,-0.32,-0.275363566
4/1/16,117.07,1.18,1.01820692
4/4/16,116.72,-0.35,-0.29896643
4/5/16,115.64,-1.08,-0.925291295
4/6/16,117.05,1.41,1.21930128
4/7/16,115.69,-1.36,-1.161896625
4/8/16,115.76,0.07,0.060506526
4/11/16,115.27,-0.49,-0.423289565
4/12/16,116.16,0.89,0.772100286
4/13/16,117.17,1.01,0.869490358
4/14/16,117.15,-0.02,-0.017069216
4/15/16,117.15,0,0
4/18/16,117.85,0.7,0.597524541
4/19/16,117.6,-0.25,-0.212134069
4/20/16,117.58,-0.02,-0.017006803
4/21/16,117.18,-0.4,-0.340193911
4/22/16,116.4,-0.78,-0.665642601
4/25/16,116.46,0.06,0.051546392
4/26/16,116.33,-0.13,-0.111626309
4/27/16,116,-0.33,-0.28367575
4/28/16,114.92,-1.08,-0.931034483
4/29/16,114.52,-0.4,-0.348068221
5/2/16,115.51,0.99,0.86447782
5/3/16,114.72,-0.79,-0.68392347
5/4/16,114.2,-0.52,-0.453277545
5/5/16,114.25,0.05,0.043782837
5/6/16,114.75,0.5,0.437636761
5/9/16,115.18,0.43,0.374727669
5/10/16,116.6,1.42,1.232852926
5/11/16,115.39,-1.21,-1.037735849
5/12/16,115.39,0,0
5/13/16,114.63,-0.76,-0.65863593
5/16/16,115.84,1.21,1.055570095
5/17/16,114.53,-1.31,-1.130870166
5/18/16,114.52,-0.01,-0.008731337
5/19/16,113.99,-0.53,-0.462801257
5/20/16,114.72,0.73,0.640407053
5/23/16,114.53,-0.19,-0.165620642
5/24/16,116.28,1.75,1.527983934
5/25/16,116.88,0.6,0.515995872
5/26/16,117.08,0.2,0.171115674
5/27/16,117.56,0.48,0.409976085
5/31/16,117.44,-0.12,-0.102075536
6/1/16,117.54,0.1,0.085149864
6/2/16,117.95,0.41,0.348817424
6/3/16,117.59,-0.36,-0.305214074
6/6/16,117.96,0.37,0.314652607
6/7/16,117.98,0.02,0.0169549
6/8/16,118.41,0.43,0.364468554
6/9/16,118.35,-0.06,-0.050671396
6/10/16,117.27,-1.08,-0.912547529
6/13/16,116.31,-0.96,-0.818623689
6/14/16,116.27,-0.04,-0.034390852
6/15/16,116.1,-0.17,-0.146211404
6/16/16,116.42,0.32,0.275624462
6/17/16,115.56,-0.86,-0.73870469
6/20/16,116.33,0.77,0.666320526
6/21/16,116.09,-0.24,-0.206309636
6/22/16,115.86,-0.23,-0.198122147
6/23/16,117.17,1.31,1.130674953
6/24/16,113.21,-3.96,-3.379704703
6/27/16,111.31,-1.9,-1.67829697
6/28/16,113.43,2.12,1.904590782
6/29/16,115.2,1.77,1.560433748
6/30/16,116.58,1.38,1.197916667
7/1/16,116.92,0.34,0.291645222
7/5/16,116.59,-0.33,-0.28224427
7/6/16,117.25,0.66,0.566086285
7/7/16,117.24,-0.01,-0.008528785
7/8/16,119,1.76,1.501194132
7/11/16,119.37,0.37,0.31092437
7/12/16,120,0.63,0.527770797
7/13/16,119.88,-0.12,-0.1
7/14/16,120.51,0.63,0.525525526
7/15/16,120.35,-0.16,-0.132769065
7/18/16,120.81,0.46,0.382218529
7/19/16,120.61,-0.2,-0.16554921
7/20/16,121.48,0.87,0.721333223
7/21/16,120.94,-0.54,-0.444517616
7/22/16,121.4,0.46,0.380353894
7/25/16,121.22,-0.18,-0.148270181
7/26/16,121.08,-0.14,-0.115492493
7/27/16,121.34,0.26,0.21473406
7/28/16,121.73,0.39,0.321410911
7/29/16,121.96,0.23,0.188942742
8/1/16,122.34,0.38,0.311577566
8/2/16,121.51,-0.83,-0.678437142
8/3/16,121.64,0.13,0.106987079
8/4/16,121.9,0.26,0.213745478
8/5/16,122.68,0.78,0.639868745
8/8/16,122.44,-0.24,-0.19563091
8/9/16,122.6,0.16,0.13067625
8/10/16,122.46,-0.14,-0.114192496
8/11/16,122.95,0.49,0.400130655
8/12/16,122.79,-0.16,-0.130134201
8/15/16,123.12,0.33,0.268751527
8/16/16,122.3,-0.82,-0.666016894
8/17/16,122.47,0.17,0.139002453
8/18/16,122.56,0.09,0.073487385
8/19/16,122.55,-0.01,-0.008159269
8/22/16,122.58,0.03,0.024479804
8/23/16,122.85,0.27,0.220264317
8/24/16,122.11,-0.74,-0.602360602
8/25/16,121.92,-0.19,-0.155597412
8/26/16,121.84,-0.08,-0.065616798
8/29/16,122.23,0.39,0.320091924
8/30/16,121.86,-0.37,-0.302708009
8/31/16,121.54,-0.32,-0.262596422
9/1/16,121.72,0.18,0.148099391
9/2/16,122.23,0.51,0.418994413
9/6/16,122.7,0.47,0.384520985
9/7/16,122.63,-0.07,-0.057049715
9/8/16,121.96,-0.67,-0.546358966
9/9/16,118.94,-3.02,-2.476221712
9/12/16,120.76,1.82,1.530183286
9/13/16,119.32,-1.44,-1.19244783
9/14/16,119.64,0.32,0.26818639
9/15/16,120.99,1.35,1.128385155
9/16/16,120.65,-0.34,-0.28101496
9/19/16,120.54,-0.11,-0.091172814
9/20/16,120.7,0.16,0.132736021
9/21/16,121.95,1.25,1.035625518
9/22/16,122.82,0.87,0.713407134
9/23/16,122.14,-0.68,-0.553655756
9/26/16,120.78,-1.36,-1.113476339
9/27/16,121.68,0.9,0.745156483
9/28/16,121.97,0.29,0.238330046
9/29/16,120.86,-1.11,-0.910059851
9/30/16,121.66,0.8,0.661922886
10/3/16,121.33,-0.33,-0.27124774
10/4/16,120.83,-0.5,-0.412099233
10/5/16,121.02,0.19,0.157245717
10/6/16,121.2,0.18,0.148735746
10/7/16,120.7,-0.5,-0.412541254
10/10/16,121.29,0.59,0.488815244
10/11/16,119.78,-1.51,-1.24495012
10/12/16,120.02,0.24,0.20036734
10/13/16,119.66,-0.36,-0.299950008
10/14/16,119.7,0.04,0.033428046
10/17/16,119.28,-0.42,-0.350877193
10/18/16,120.1,0.82,0.687458082
10/19/16,120.29,0.19,0.158201499
10/20/16,120.04,-0.25,-0.207831075
10/21/16,120.46,0.42,0.349883372
10/24/16,121.25,0.79,0.655819359
10/25/16,120.6,-0.65,-0.536082474
10/26/16,120.03,-0.57,-0.472636816
10/27/16,119.48,-0.55,-0.458218779
10/28/16,119.2,-0.28,-0.234348845
10/31/16,119.11,-0.09,-0.075503356
11/1/16,118.1,-1.01,-0.847955671
11/2/16,117.32,-0.78,-0.66045724
11/3/16,116.58,-0.74,-0.630753495
11/4/16,116.49,-0.09,-0.077200206
11/7/16,119.06,2.57,2.206197957
11/8/16,119.75,0.69,0.579539728
11/9/16,120.25,0.5,0.417536534
11/10/16,119.53,-0.72,-0.598752599
11/11/16,119.41,-0.12,-0.100393207
11/14/16,118.54,-0.87,-0.728582196
11/15/16,119.51,0.97,0.818289185
11/16/16,119.96,0.45,0.376537528
11/17/16,120.69,0.73,0.608536179
11/18/16,120.3,-0.39,-0.323141934
11/21/16,121.24,0.94,0.781379884
11/22/16,121.48,0.24,0.19795447
11/23/16,121.33,-0.15,-0.123477116
11/25/16,121.77,0.44,0.362647325
11/28/16,121.28,-0.49,-0.402397963
11/29/16,121.64,0.36,0.296833773
11/30/16,120.55,-1.09,-0.896086814
12/1/16,119.34,-1.21,-1.003732891
12/2/16,119.58,0.24,0.201106083
12/5/16,120.33,0.75,0.627195183
12/6/16,120.59,0.26,0.216072467
12/7/16,122.04,1.45,1.202421428
12/8/16,122.27,0.23,0.188462799
12/9/16,123.12,0.85,0.695182792
12/12/16,122.91,-0.21,-0.170565302
12/13/16,123.94,1.03,0.838011553
12/14/16,123.2,-0.74,-0.597063095
12/15/16,123.54,0.34,0.275974026
12/16/16,123.23,-0.31,-0.250930873
12/19/16,123.64,0.41,0.33271119
12/20/16,124.09,0.45,0.363959884
12/21/16,123.23,-0.86,-0.69304537
12/22/16,122.94,-0.29,-0.235332305
12/23/16,123.09,0.15,0.122010737
12/27/16,123.43,0.34,0.276220652
12/28/16,122.48,-0.95,-0.769667018
12/29/16,122.57,0.09,0.073481385
12/30/16,121.79,-0.78,-0.636371053
1/3/17,122.63,0.84,0.689711799
1/4/17,123.42,0.79,0.644214303
1/5/17,123.64,0.22,0.178253119
1/6/17,124.4,0.76,0.614687803
1/9/17,124.31,-0.09,-0.072347267
1/10/17,124.16,-0.15,-0.120666077
1/11/17,124.46,0.3,0.241623711
1/12/17,124.3,-0.16,-0.128555359
1/13/17,124.57,0.27,0.217216412
1/17/17,124.33,-0.24,-0.19266276
1/18/17,124.62,0.29,0.233250221
1/19/17,124.39,-0.23,-0.184561066
1/20/17,124.72,0.33,0.265294638
1/23/17,124.64,-0.08,-0.064143682
1/24/17,125.29,0.65,0.521501926
1/25/17,126.25,0.96,0.766222364
1/26/17,126.21,-0.04,-0.031683168
1/27/17,126.32,0.11,0.087156327
1/30/17,125.55,-0.77,-0.609563015
1/31/17,125.35,-0.2,-0.159299084
2/1/17,125.59,0.24,0.191463901
2/2/17,125.71,0.12,0.095549009
2/3/17,126.39,0.68,0.540927532
2/6/17,126.26,-0.13,-0.102856239
2/7/17,126.43,0.17,0.134642801
2/8/17,126.7,0.27,0.213556909
2/9/17,127.3,0.6,0.47355959
2/10/17,127.77,0.47,0.369206599
2/13/17,128.38,0.61,0.477420365
2/14/17,128.78,0.4,0.311575012
2/15/17,129.48,0.7,0.543562665
2/16/17,129.44,-0.04,-0.030892802
2/17/17,129.67,0.23,0.177688504
2/21/17,130.31,0.64,0.493560577
2/22/17,130.32,0.01,0.007674008
2/23/17,130.2,-0.12,-0.092081031
2/24/17,130.6,0.4,0.307219662
2/27/17,130.76,0.16,0.122511485
2/28/17,130.45,-0.31,-0.237075558
3/1/17,132.07,1.62,1.241855117
3/2/17,131.37,-0.7,-0.530021958
3/3/17,131.54,0.17,0.129405496
3/6/17,131.28,-0.26,-0.197658507
3/7/17,131.05,-0.23,-0.17519805
3/8/17,130.96,-0.09,-0.068676078
3/9/17,131.05,0.09,0.068723274
3/10/17,131.52,0.47,0.35864174
3/13/17,131.71,0.19,0.14446472
3/14/17,131.32,-0.39,-0.296105079
3/15/17,132.43,1.11,0.845263479
3/16/17,132.26,-0.17,-0.128369705
3/17/17,132.23,-0.03,-0.022682595
3/20/17,132.2298,-0.0002,-0.000151252
3/21/17,130.79,-1.4398,-1.088861966
3/22/17,131.23,0.44,0.336417157
3/23/17,130.96,-0.27,-0.205745637
3/24/17,130.5,-0.46,-0.351252291
3/27/17,130.44,-0.06,-0.045977011
3/28/17,131.24,0.8,0.613308801
3/29/17,131.51,0.27,0.20572996
3/30/17,131.67,0.16,0.121663752
3/31/17,131.52,-0.15,-0.113921167
4/3/17,131.48,-0.04,-0.030413625
4/4/17,131.54,0.06,0.045634317
4/5/17,131.22,-0.32,-0.243272009
4/6/17,131.41,0.19,0.144795001
4/7/17,131.34,-0.07,-0.053268397
4/10/17,131.4,0.06,0.04568296
4/11/17,131.22,-0.18,-0.136986301
4/12/17,130.71,-0.51,-0.388660265
4/13/17,130.04,-0.67,-0.512585112
4/17/17,131.19,1.15,0.884343279
4/18/17,130.92,-0.27,-0.20580837
4/19/17,130.88,-0.04,-0.030553009
4/20/17,131.87,0.99,0.756418093
4/21/17,131.71,-0.16,-0.121331614
4/24/17,133.02,1.31,0.994609369
4/25/17,133.87,0.85,0.639001654
4/26/17,133.79,-0.08,-0.059759468
4/27/17,134.12,0.33,0.246655206
4/28/17,134.11,-0.01,-0.00745601
5/1/17,134.64,0.53,0.395197972
5/2/17,134.9,0.26,0.193107546
5/3/17,134.52,-0.38,-0.281690141
5/4/17,134.71,0.19,0.141242938
5/5/17,135.22,0.51,0.378591047
5/8/17,135.35,0.13,0.096139624
5/9/17,135.46,0.11,0.081270779
5/10/17,135.63,0.17,0.125498302
5/11/17,135.43,-0.2,-0.147460001
5/12/17,135.46,0.03,0.022151665
5/15/17,136.05,0.59,0.435552931
5/16/17,136.15,0.1,0.073502389
5/17/17,133.67,-2.48,-1.821520382
5/18/17,134.47,0.8,0.598488816
5/19/17,135.26,0.79,0.587491634
5/22/17,136.13,0.87,0.643205678
5/23/17,136.22,0.09,0.066113274
5/24/17,136.76,0.54,0.39641756
5/25/17,137.72,0.96,0.701959637
5/26/17,137.8,0.08,0.058088876
5/30/17,137.82,0.02,0.014513788
5/31/17,137.89,0.07,0.050790887
6/1/17,138.68,0.79,0.572920444
6/2/17,139.62,0.94,0.67781944
6/5/17,139.57,-0.05,-0.035811488
6/6/17,139.14,-0.43,-0.308089131
6/7/17,139.43,0.29,0.208423171
6/8/17,139.3,-0.13,-0.09323675
6/9/17,137.91,-1.39,-0.997846375
6/12/17,137.5,-0.41,-0.297295338
6/13/17,138.35,0.85,0.618181818
6/14/17,138.19,-0.16,-0.115648717
6/15/17,137.95,-0.24,-0.173673927
6/16/17,138.02,0.07,0.050743023
6/19/17,139.47,1.45,1.050572381
6/20/17,138.56,-0.91,-0.652470065
6/21/17,139,0.44,0.317551963
6/22/17,139.02,0.02,0.014388489
6/23/17,139.37,0.35,0.251762336
6/26/17,139.11,-0.26,-0.186553778
6/27/17,137.09,-2.02,-1.452088275
6/28/17,138.38,1.29,0.940987672
6/29/17,136.61,-1.77,-1.279086573
6/30/17,136.85,0.24,0.1756826
7/3/17,136.56,-0.29,-0.211910851
7/5/17,137.16,0.6,0.439367311
7/6/17,136,-1.16,-0.845727617
7/7/17,137.09,1.09,0.801470588
7/10/17,137.52,0.43,0.313662557
7/11/17,137.52,0,0
7/12/17,138.79,1.27,0.923502036
7/13/17,139.03,0.24,0.172923121
7/14/17,139.88,0.85,0.611378839
7/17/17,139.93,0.05,0.035744924
7/18/17,140.37,0.44,0.314442936
7/19/17,141.13,0.76,0.541426231
7/20/17,141.17,0.04,0.028342663
7/21/17,141.17,0,0
7/24/17,141.22,0.05,0.03541829
7/25/17,141.17,-0.05,-0.03540575
7/26/17,141.37,0.2,0.14167316
7/27/17,140.98,-0.39,-0.275871826
7/28/17,140.8,-0.18,-0.127677685
7/31/17,140.42,-0.38,-0.269886364
8/1/17,140.64,0.22,0.156672839
8/2/17,140.85,0.21,0.149317406
8/3/17,140.6,-0.25,-0.177493788
8/4/17,140.82,0.22,0.156472262
8/7/17,141.29,0.47,0.333759409
8/8/17,140.97,-0.32,-0.226484535
8/9/17,141.01,0.04,0.028374832
8/10/17,138.83,-2.18,-1.545989646
8/11/17,139.33,0.5,0.360152705
8/14/17,140.89,1.56,1.119644011
8/15/17,140.89,0,0
8/16/17,141.25,0.36,0.25551849
8/17/17,139.04,-2.21,-1.56460177
8/18/17,138.79,-0.25,-0.179804373
8/21/17,138.99,0.2,0.144102601
8/22/17,140.61,1.62,1.165551479
8/23/17,140,-0.61,-0.433824052
8/24/17,139.73,-0.27,-0.192857143
8/25/17,139.87,0.14,0.10019323
8/28/17,140.13,0.26,0.185886895
8/29/17,140.46,0.33,0.235495611
8/30/17,141.41,0.95,0.676349139
8/31/17,142.43,1.02,0.721306838
9/1/17,142.47,0.04,0.028083971
9/5/17,141.64,-0.83,-0.582578789
9/6/17,142.08,0.44,0.31064671
9/7/17,142.53,0.45,0.316722973
9/8/17,142.06,-0.47,-0.329755139
9/11/17,143.37,1.31,0.922145572
9/12/17,143.66,0.29,0.202273837
9/13/17,143.59,-0.07,-0.048726159
9/14/17,143.46,-0.13,-0.090535553
9/15/17,143.58,0.12,0.08364701
9/18/17,143.67,0.09,0.062682825
9/19/17,143.72,0.05,0.034801977
9/20/17,143.63,-0.09,-0.062621765
9/21/17,143.08,-0.55,-0.382928358
9/22/17,143.04,-0.04,-0.027956388
9/25/17,142.19,-0.85,-0.594239374
9/26/17,141.85,-0.34,-0.239116675
9/27/17,142.57,0.72,0.507578428
9/28/17,142.74,0.17,0.119239672
9/29/17,143.42,0.68,0.47639064
10/2/17,143.81,0.39,0.271928601
10/3/17,144.1,0.29,0.201654961
10/4/17,144.35,0.25,0.173490632
10/5/17,145.29,0.94,0.651195012
10/6/17,145.35,0.06,0.041296717
10/9/17,145.27,-0.08,-0.05503956
10/10/17,145.45,0.18,0.123907207
10/11/17,145.88,0.43,0.295634239
10/12/17,145.91,0.03,0.020564848
10/13/17,146.21,0.3,0.205606196
10/16/17,146.42,0.21,0.143629027
10/17/17,146.64,0.22,0.150252698
10/18/17,146.73,0.09,0.061374795
10/19/17,146.63,-0.1,-0.068152389
10/20/17,147.14,0.51,0.347814226
10/23/17,146.4,-0.74,-0.502922387
10/24/17,146.54,0.14,0.095628415
10/25/17,145.92,-0.62,-0.423092671
10/26/17,145.97,0.05,0.034265351
10/27/17,148.27,2.3,1.575666233
10/30/17,147.98,-0.29,-0.195589128
10/31/17,148.14,0.16,0.108122719
11/1/17,148.17,0.03,0.020251114
11/2/17,148.23,0.06,0.040494027
11/3/17,149.14,0.91,0.613910814
11/6/17,149.5,0.36,0.241383935
11/7/17,149.67,0.17,0.113712375
11/8/17,150.11,0.44,0.29398009
11/9/17,149.36,-0.75,-0.499633602
11/10/17,149.37,0.01,0.006695233
11/13/17,149.52,0.15,0.100421771
11/14/17,149.23,-0.29,-0.193953986
11/15/17,148.25,-0.98,-0.656704416
11/16/17,149.63,1.38,0.930860034
11/17/17,149.03,-0.6,-0.400989106
11/20/17,149.25,0.22,0.147621284
11/21/17,150.51,1.26,0.844221106
11/22/17,150.38,-0.13,-0.086372998
11/24/17,150.93,0.55,0.365740125
11/27/17,150.98,0.05,0.03312794
11/28/17,151.93,0.95,0.629222414
11/29/17,150.83,-1.1,-0.72401764
11/30/17,152.21,1.38,0.914937347
12/1/17,151.78,-0.43,-0.282504435
12/4/17,150.79,-0.99,-0.65225985
12/5/17,150.5,-0.29,-0.192320446
12/6/17,150.82,0.32,0.212624585
12/7/17,151.46,0.64,0.424346904
12/8/17,152.22,0.76,0.501782649
12/11/17,152.83,0.61,0.400735777
12/12/17,152.87,0.04,0.026172872
12/13/17,153.06,0.19,0.124288611
12/14/17,152.64,-0.42,-0.274402195
12/15/17,153.97,1.33,0.871331237
12/18/17,154.91,0.94,0.610508541
12/19/17,153.86,-1.05,-0.677812924
12/20/17,153.64,-0.22,-0.142987131
12/21/17,153.48,-0.16,-0.104139547
12/22/17,153.34,-0.14,-0.091217097
12/26/17,152.96,-0.38,-0.247815312
12/27/17,153.19,0.23,0.150366109
12/28/17,153.47,0.28,0.182779555
12/29/17,152.77,-0.7,-0.456115202
1/2/18,154.15,1.38,0.903318714
1/3/18,155.46,1.31,0.849821602
1/4/18,156.02,0.56,0.360221279
1/5/18,157.48,1.46,0.935777464
1/8/18,157.87,0.39,0.247650495
1/9/18,158.27,0.4,0.253373028
1/10/18,157.82,-0.45,-0.284324256
1/11/18,158.76,0.94,0.595615258
1/12/18,159.9,1.14,0.718065004
1/16/18,159.54,-0.36,-0.225140713
1/17/18,161.35,1.81,1.134511721
1/18/18,161.32,-0.03,-0.018593121
1/19/18,162.05,0.73,0.452516737
1/22/18,163.28,1.23,0.759024992
1/23/18,163.91,0.63,0.385840274
1/24/18,163.51,-0.4,-0.244036361
1/25/18,163.74,0.23,0.14066418
1/26/18,165.98,2.24,1.368022475
1/29/18,164.92,-1.06,-0.63863116
1/30/18,163.29,-1.63,-0.988357992
1/31/18,163.67,0.38,0.232714802
2/1/18,163.22,-0.45,-0.274943484
2/2/18,159.95,-3.27,-2.003430952
2/5/18,153.38,-6.57,-4.107533604
2/6/18,157.02,3.64,2.373190768
2/7/18,155.76,-1.26,-0.802445548
2/8/18,149.59,-6.17,-3.961222393
2/9/18,152.31,2.72,1.818303363
2/12/18,154.64,2.33,1.529774801
2/13/18,155.14,0.5,0.323331609
2/14/18,157.5,2.36,1.521206652
2/15/18,159.9,2.4,1.523809524
2/16/18,159.83,-0.07,-0.043777361
2/20/18,159.4,-0.43,-0.269035851
2/21/18,158.81,-0.59,-0.370138018
2/22/18,159.05,0.24,0.151123985
2/23/18,161.72,2.67,1.678717384
2/26/18,163.66,1.94,1.199604254
2/27/18,161.74,-1.92,-1.173163876
2/28/18,160.3,-1.44,-0.890317794
3/1/18,157.84,-2.46,-1.534622583
3/2/18,158.82,0.98,0.620881906
3/5/18,160.6,1.78,1.120765647
3/6/18,161.04,0.44,0.273972603
3/7/18,161.45,0.41,0.254595132
3/8/18,162.37,0.92,0.569835862
3/9/18,165.33,2.96,1.822996859
3/12/18,165.3,-0.03,-0.018145527
3/13/18,164.08,-1.22,-0.738052027
3/14/18,163.58,-0.5,-0.3047294
3/15/18,163.5,-0.08,-0.048905734
3/16/18,163.47,-0.03,-0.018348624
3/19/18,160.94,-2.53,-1.54768459
3/20/18,161.5,0.56,0.34795576
3/21/18,160.73,-0.77,-0.476780186
3/22/18,156.02,-4.71,-2.930380141
3/23/18,152.5,-3.52,-2.25612101
3/26/18,157.29,4.79,3.140983607
3/27/18,153.5,-3.79,-2.409561956
3/28/18,152.67,-0.83,-0.540716612
3/29/18,155.07,2.4,1.572018078
4/2/18,151.32,-3.75,-2.41826272
4/3/18,153.17,1.85,1.222574676
4/4/18,155.11,1.94,1.26656656
4/5/18,156.08,0.97,0.625362646
4/6/18,152.38,-3.7,-2.37057919
4/9/18,153.13,0.75,0.492190576
4/10/18,155.87,2.74,1.789329328
4/11/18,154.93,-0.94,-0.603066658
4/12/18,156.39,1.46,0.942361066
4/13/18,155.93,-0.46,-0.294136454
4/16/18,157.16,1.23,0.788815494
4/17/18,159.67,2.51,1.597098498
4/18/18,159.89,0.22,0.13778418
4/19/18,158.62,-1.27,-0.794296079
4/20/18,156.9,-1.72,-1.084352541
4/23/18,156.64,-0.26,-0.165710644
4/24/18,153.63,-3.01,-1.921603677
4/25/18,153.87,0.24,0.156219488
4/26/18,156.37,2.5,1.624748164
4/27/18,156.49,0.12,0.076741063
4/30/18,155.45,-1.04,-0.664579206
5/1/18,156.48,1.03,0.662592473
5/2/18,155.66,-0.82,-0.52402863
5/3/18,155.71,0.05,0.03212129
5/4/18,158.02,2.31,1.48352707
5/7/18,158.84,0.82,0.518921655
5/8/18,158.85,0.01,0.006295643
5/9/18,160.48,1.63,1.026125275
5/10/18,162.02,1.54,0.959621137
5/11/18,162.29,0.27,0.166646093
5/14/18,162.4,0.11,0.0677799
5/15/18,160.83,-1.57,-0.966748768
5/16/18,161.53,0.7,0.435242181
5/17/18,161.17,-0.36,-0.222868817
5/18/18,161.09,-0.08,-0.049637029
5/21/18,162.3,1.21,0.751132907
5/22/18,161.62,-0.68,-0.418977203
5/23/18,162.74,1.12,0.692983542
5/24/18,162.66,-0.08,-0.049158166
5/25/18,162.57,-0.09,-0.055330136
5/29/18,161.26,-1.31,-0.805806729
5/30/18,162.93,1.67,1.035594692
5/31/18,162.16,-0.77,-0.472595593
6/1/18,164.32,2.16,1.33201776
6/4/18,165.5,1.18,0.718111003
6/5/18,165.97,0.47,0.283987915
6/6/18,167.17,1.2,0.723022233
6/7/18,166.35,-0.82,-0.490518634
6/8/18,166.85,0.5,0.300571085
6/11/18,167.03,0.18,0.107881331
6/12/18,167.62,0.59,0.353229959
6/13/18,167.11,-0.51,-0.304259635
6/14/18,168.05,0.94,0.56250374
6/15/18,167.81,-0.24,-0.142814639
6/18/18,167.62,-0.19,-0.113223288
6/19/18,166.74,-0.88,-0.524997017
6/20/18,167.31,0.57,0.341849586
6/21/18,166.15,-1.16,-0.69332377
6/22/18,165.89,-0.26,-0.156485104
6/25/18,162.96,-2.93,-1.766230635
6/26/18,163.05,0.09,0.055228277
6/27/18,161.16,-1.89,-1.159153634
6/28/18,162.44,1.28,0.794241747
6/29/18,162.61,0.17,0.104654026
7/2/18,163.57,0.96,0.590369596
7/3/18,162.33,-1.24,-0.758085223
7/5/18,164.01,1.68,1.034928849
7/6/18,165.7,1.69,1.030424974
7/9/18,167.21,1.51,0.911285456
7/10/18,167.67,0.46,0.275103164
7/11/18,166.84,-0.83,-0.49501998
7/12/18,168.89,2.05,1.228722129
7/13/18,169.14,0.25,0.148025342
7/16/18,168.81,-0.33,-0.195104647
7/17/18,169.87,1.06,0.627924886
7/18/18,170.01,0.14,0.082415965
7/19/18,169.29,-0.72,-0.4235045
7/20/18,169.3,0.01,0.005907023
7/23/18,169.56,0.26,0.153573538
7/24/18,170.34,0.78,0.460014154
7/25/18,172.61,2.27,1.33262886
7/26/18,170.96,-1.65,-0.955912172
7/27/18,169.16,-1.8,-1.052877866
7/30/18,167.07,-2.09,-1.235516671
7/31/18,168.18,1.11,0.664392171
8/1/18,168.74,0.56,0.332976573
8/2/18,170.11,1.37,0.811899964
8/3/18,170.67,0.56,0.329198754
8/6/18,171.42,0.75,0.439444542
8/7/18,171.94,0.52,0.303348501
8/8/18,172.05,0.11,0.063975806
8/9/18,172.02,-0.03,-0.017436792
8/10/18,170.79,-1.23,-0.715033136
8/13/18,170.44,-0.35,-0.204930031
8/14/18,171.44,1,0.586716733
8/15/18,170.11,-1.33,-0.775781615
8/16/18,171.05,0.94,0.552583622
8/17/18,171.36,0.31,0.181233557
8/20/18,171.57,0.21,0.12254902
8/21/18,171.9,0.33,0.192341318
8/22/18,172.19,0.29,0.168702734
8/23/18,172.1,-0.09,-0.052267844
8/24/18,173.46,1.36,0.790238234
8/27/18,174.92,1.46,0.841692609
8/28/18,175.18,0.26,0.148639378
8/29/18,176.67,1.49,0.850553716
8/30/18,176.13,-0.54,-0.30565461
8/31/18,176.26,0.13,0.073809118
9/4/18,176.05,-0.21,-0.119142176
9/5/18,174.55,-1.5,-0.852030673
9/6/18,173.91,-0.64,-0.366657118
9/7/18,173.56,-0.35,-0.201253522
9/10/18,173.88,0.32,0.18437428
9/11/18,174.91,1.03,0.592362549
9/12/18,174.77,-0.14,-0.080041164
9/13/18,176.21,1.44,0.823940035
9/14/18,176.13,-0.08,-0.045400375
9/17/18,174.39,-1.74,-0.98790666
9/18/18,175.61,1.22,0.699581398
9/19/18,175.46,-0.15,-0.085416548
9/20/18,177.06,1.6,0.91188875
9/21/18,176.69,-0.37,-0.208968711
9/24/18,176.7,0.01,0.00565963
9/25/18,176.78,0.08,0.045274477
9/26/18,176.1,-0.68,-0.384658898
9/27/18,177.02,0.92,0.522430437
9/28/18,177.17,0.15,0.084736188
10/1/18,177.72,0.55,0.310436304
10/2/18,177.32,-0.4,-0.225073149
10/3/18,177.44,0.12,0.067674261
10/4/18,174.98,-2.46,-1.38638413
10/5/18,173.62,-1.36,-0.777231684
10/8/18,172.8,-0.82,-0.472295818
10/9/18,172.82,0.02,0.011574074
10/10/18,166.11,-6.71,-3.882652471
10/11/18,163.27,-2.84,-1.709710433
10/12/18,166.74,3.47,2.125313897
10/15/18,165.2,-1.54,-0.923593619
10/16/18,169.58,4.38,2.651331719
10/17/18,169.5,-0.08,-0.047175374
10/18/18,166.41,-3.09,-1.82300885
10/19/18,165.93,-0.48,-0.288444204
10/22/18,166.03,0.1,0.060266377
10/23/18,165.21,-0.82,-0.493886647
10/24/18,159.26,-5.95,-3.601476908
10/25/18,163.35,4.09,2.56812759
10/26/18,159.84,-3.51,-2.148760331
10/29/18,157.85,-1.99,-1.244994995
10/30/18,160.17,2.32,1.469749762
10/31/18,162.88,2.71,1.691952301
11/1/18,164.84,1.96,1.203339882
11/2/18,163.28,-1.56,-0.94637224
11/5/18,163.44,0.16,0.097991181
11/6/18,164.51,1.07,0.654674498
11/7/18,168.91,4.4,2.674609446
11/8/18,168.6,-0.31,-0.18352969
11/9/18,166.62,-1.98,-1.174377224
11/12/18,162.52,-4.1,-2.460688993
11/13/18,162.32,-0.2,-0.123061777
11/14/18,161.07,-1.25,-0.770083785
11/15/18,163.29,2.22,1.378282734
11/16/18,163.34,0.05,0.030620369
11/19/18,158.87,-4.47,-2.736622995
11/20/18,156.27,-2.6,-1.636558192
11/21/18,156.98,0.71,0.454341844
11/23/18,156.05,-0.93,-0.592432157
11/26/18,158.87,2.82,1.807113105
11/27/18,159.41,0.54,0.339900548
11/28/18,164.15,4.74,2.973464651
11/29/18,163.79,-0.36,-0.219311605
11/30/18,165.14,1.35,0.824226143
12/3/18,167.65,2.51,1.51992249
12/4/18,161.87,-5.78,-3.447658813
12/6/18,162.18,0.31,0.191511707
12/7/18,157.59,-4.59,-2.830188679
12/10/18,158.75,1.16,0.736087315
12/11/18,158.99,0.24,0.151181102
12/12/18,160.22,1.23,0.773633562
12/13/18,160.24,0.02,0.012482836
12/14/18,156.74,-3.5,-2.184223665
12/17/18,152.71,-4.03,-2.571136915
12/18/18,153.41,0.7,0.458385175
12/19/18,150.64,-2.77,-1.80561893
12/20/18,148.17,-2.47,-1.639670738
12/21/18,144.4,-3.77,-2.544374705
12/24/18,140.58,-3.82,-2.645429363
12/26/18,148.04,7.46,5.306586997
12/27/18,149.44,1.4,0.945690354
12/28/18,149.17,-0.27,-0.180674518
12/31/18,150.67,1.5,1.005564121
1/2/19,150.39,-0.28,-0.185836597
1/3/19,146.51,-3.88,-2.579958774
1/4/19,151.87,5.36,3.658453348
1/7/19,152.99,1.12,0.737472839
1/8/19,154.72,1.73,1.130792862
1/9/19,155.42,0.7,0.452430196
1/10/19,155.95,0.53,0.341011453
1/11/19,155.84,-0.11,-0.070535428
1/14/19,154.74,-1.1,-0.705852156
1/15/19,157.08,2.34,1.512214036
1/16/19,156.85,-0.23,-0.146422205
1/17/19,158.2,1.35,0.860694931
1/18/19,159.95,1.75,1.10619469
1/22/19,157.87,-2.08,-1.300406377
1/23/19,158.11,0.24,0.152023817
1/24/19,158.14,0.03,0.018974132
1/25/19,159.24,1.1,0.695586189
1/28/19,157.57,-1.67,-1.048731475
1/29/19,156.98,-0.59,-0.374436758
1/30/19,159.96,2.98,1.898330998
1/31/19,161.82,1.86,1.162790698
2/1/19,161.79,-0.03,-0.018539118
2/4/19,163.13,1.34,0.828234131
2/5/19,164.07,0.94,0.576227549
2/6/19,163.56,-0.51,-0.310842933
2/7/19,161.99,-1.57,-0.959892394
2/8/19,162.56,0.57,0.351873572
2/11/19,162.7,0.14,0.086122047
2/12/19,164.86,2.16,1.327596804
2/13/19,165.24,0.38,0.230498605
2/14/19,165.16,-0.08,-0.048414427
2/15/19,166.66,1.5,0.90821022
2/19/19,166.81,0.15,0.0900036
2/20/19,166.98,0.17,0.101912355
2/21/19,166.57,-0.41,-0.245538388
2/22/19,168.05,1.48,0.888515339
2/25/19,168.19,0.14,0.083308539
2/26/19,168.25,0.06,0.03567394
2/27/19,168.45,0.2,0.118870728
2/28/19,168.45,0,0
3/1/19,169.77,1.32,0.783615316
3/4/19,169.26,-0.51,-0.300406432
3/5/19,169.12,-0.14,-0.082712986
3/6/19,168.15,-0.97,-0.573557237
3/7/19,166.72,-1.43,-0.850431163
3/8/19,166.2,-0.52,-0.311900192
3/11/19,168.67,2.47,1.486161252
3/12/19,169.26,0.59,0.349795459
3/13/19,170.43,1.17,0.69124424
3/14/19,170.16,-0.27,-0.158422813
3/15/19,171.15,0.99,0.58180536
3/18/19,171.37,0.22,0.128542214
3/19/19,171.76,0.39,0.227577756
3/20/19,171.33,-0.43,-0.250349325
3/21/19,173.32,1.99,1.161501197
3/22/19,170.15,-3.17,-1.828986845
3/25/19,170.41,0.26,0.152806347
3/26/19,171.62,1.21,0.710052227
3/27/19,170.62,-1,-0.582682671
3/28/19,171.21,0.59,0.345797679
3/29/19,172.36,1.15,0.671689738
4/1/19,174.14,1.78,1.032722209
4/2/19,174.31,0.17,0.097622603
4/3/19,174.59,0.28,0.160633354
4/4/19,174.63,0.04,0.02291082
4/5/19,175.31,0.68,0.38939472
4/8/19,175.31,0,0
4/9/19,174.68,-0.63,-0.359363413
4/10/19,175.29,0.61,0.349209984
4/11/19,175.19,-0.1,-0.05704832
4/12/19,176.34,1.15,0.656430162
4/15/19,176.31,-0.03,-0.017012589
4/16/19,176.1,-0.21,-0.119108389
4/17/19,175.33,-0.77,-0.437251562
4/18/19,175.8,0.47,0.268065933
4/22/19,176.35,0.55,0.312855518
4/23/19,177.99,1.64,0.929968812
4/24/19,177.81,-0.18,-0.101129277
4/25/19,178.43,0.62,0.348686801
4/26/19,179.16,0.73,0.409124026
4/29/19,179.23,0.07,0.039071221
4/30/19,179.16,-0.07,-0.039055962
5/1/19,177.38,-1.78,-0.99352534
5/2/19,177.07,-0.31,-0.174766039
5/3/19,179,1.93,1.089964421
5/6/19,178.5,-0.5,-0.279329609
5/7/19,175.44,-3.06,-1.714285714
5/8/19,175.34,-0.1,-0.056999544
5/9/19,174.82,-0.52,-0.29656667
5/10/19,175.61,0.79,0.451893376
5/13/19,171.54,-4.07,-2.31763567
5/14/19,172.83,1.29,0.752011193
5/15/19,174.45,1.62,0.937337268
5/16/19,176.49,2.04,1.16938951
5/17/19,175.41,-1.08,-0.611932687
5/20/19,174.04,-1.37,-0.781027307
5/21/19,175.31,1.27,0.729717306
5/22/19,175.3,-0.01,-0.005704181
5/23/19,173.28,-2.02,-1.152310325
5/24/19,173.59,0.31,0.1789012
5/28/19,172.56,-1.03,-0.593352152
5/29/19,171.16,-1.4,-0.811312007
5/30/19,172.02,0.86,0.502453844
5/31/19,169.73,-2.29,-1.331240553
6/3/19,167.79,-1.94,-1.142991811
6/4/19,171.19,3.4,2.026342452
6/5/19,173.02,1.83,1.068987675
6/6/19,174.24,1.22,0.705120795
6/7/19,176.55,2.31,1.325757576
6/10/19,177.35,0.8,0.453129425
6/11/19,177,-0.35,-0.197349873
6/12/19,176.87,-0.13,-0.073446328
6/13/19,177.41,0.54,0.305308984
6/14/19,177.14,-0.27,-0.152189843
6/17/19,176.9,-0.24,-0.135486056
6/18/19,178.51,1.61,0.910118711
6/19/19,179.31,0.8,0.448154165
6/20/19,181.06,1.75,0.975963415
6/21/19,180.86,-0.2,-0.110460621
6/24/19,180.74,-0.12,-0.066349663
6/25/19,178.46,-2.28,-1.26148058
6/26/19,178.05,-0.41,-0.22974336
6/27/19,178.6,0.55,0.308901994
6/28/19,179.24,0.64,0.358342665
7/1/19,180.91,1.67,0.931711672
7/2/19,181.74,0.83,0.458791664
7/3/19,183.22,1.48,0.814350171
7/5/19,182.85,-0.37,-0.201943019
7/8/19,181.96,-0.89,-0.486737763
7/9/19,182.4,0.44,0.241811387
7/10/19,183.72,1.32,0.723684211
7/11/19,183.83,0.11,0.059873721
7/12/19,184.31,0.48,0.261110809
7/15/19,184.57,0.26,0.141066681
7/16/19,183.79,-0.78,-0.42260389
7/17/19,182.8,-0.99,-0.538658251
7/18/19,183.25,0.45,0.246170678
7/19/19,182.13,-1.12,-0.611186903
7/22/19,182.73,0.6,0.329435019
7/23/19,183.73,1,0.547255514
7/24/19,184.4,0.67,0.364665542
7/25/19,183.5,-0.9,-0.488069414
7/26/19,185.08,1.58,0.861035422
7/29/19,184.61,-0.47,-0.25394424
7/30/19,183.9,-0.71,-0.384594551
7/31/19,181.37,-2.53,-1.375747689
8/1/19,180.65,-0.72,-0.396978552
8/2/19,179.2,-1.45,-0.802657072
8/5/19,173.97,-5.23,-2.918526786
8/6/19,176.39,2.42,1.391044433
8/7/19,176.86,0.47,0.266455014
8/8/19,180.4,3.54,2.001583173
8/9/19,179.34,-1.06,-0.587583149
8/12/19,177.1,-2.24,-1.2490242
8/13/19,179.89,2.79,1.575381141
8/14/19,174.79,-5.1,-2.835065874
8/15/19,175.41,0.62,0.354711368
8/16/19,177.63,2.22,1.265606294
8/19/19,179.93,2.3,1.294826324
8/20/19,178.54,-1.39,-0.772522648
8/21/19,180.2,1.66,0.929763638
8/22/19,179.84,-0.36,-0.199778024
8/23/19,175.33,-4.51,-2.507784698
8/26/19,177.51,2.18,1.243369646
8/27/19,177.14,-0.37,-0.208438961
8/28/19,178.13,0.99,0.558879982
8/29/19,180.3,2.17,1.218211419
8/30/19,179.98,-0.32,-0.177481974
9/3/19,178.87,-1.11,-0.616735193
9/4/19,180.74,1.87,1.045452004
9/5/19,183.03,2.29,1.267013389
9/6/19,183.1,0.07,0.038245096
9/9/19,181.79,-1.31,-0.715456035
9/10/19,180.87,-0.92,-0.506078442
9/11/19,181.84,0.97,0.536296788
9/12/19,182.89,1.05,0.577430708
9/13/19,182.46,-0.43,-0.235114003
9/16/19,181.81,-0.65,-0.356242464
9/17/19,182.64,0.83,0.456520543
9/18/19,182.67,0.03,0.016425756
9/19/19,183.07,0.4,0.218974106
9/20/19,182.05,-1.02,-0.557163926
9/23/19,181.96,-0.09,-0.049436968
9/24/19,179.72,-2.24,-1.231039789
9/25/19,180.72,1,0.556421099
9/26/19,180.62,-0.1,-0.055334219
9/27/19,179.17,-1.45,-0.802790389
9/30/19,180.03,0.86,0.47999107
10/1/19,178.05,-1.98,-1.099816697
10/2/19,174.87,-3.18,-1.786015164
10/3/19,176.69,1.82,1.040773146
10/4/19,179.07,2.38,1.346991907
10/7/19,178.34,-0.73,-0.407661808
10/8/19,175.47,-2.87,-1.609285634
10/9/19,177.31,1.84,1.048612298
10/10/19,178.14,0.83,0.468106706
10/11/19,179.6,1.46,0.819580106
10/14/19,179.59,-0.01,-0.005567929
10/15/19,181.32,1.73,0.963305307
10/16/19,181.01,-0.31,-0.170968454
10/17/19,181.42,0.41,0.226506823
10/18/19,180.08,-1.34,-0.738617572
10/21/19,181.05,0.97,0.538649489
10/22/19,179.55,-1.5,-0.828500414
10/23/19,180.06,0.51,0.284043442